Weight,Front Claws,Pupillary Distance,Hair Color,Ear Shape,Length,Grizzly
225,3.7,11.3,Blond,Rounded,6.7,No
489,7.8,12,Black,Rounded,11.7,Yes
451,5.1,11.1,White,Broad,11.8,Yes
234,9.1,11.8,Dark Brown,Pointed,8.8,No
233,4.6,12.4,Light Brown,Broad,6.7,No
477,2.9,10.4,Blond,Broad,7.3,No
235,4.9,11.3,Cinnamon,Broad,5.5,No
320,3.1,10.7,Dark Brown,Broad,10,No
442,1.7,9.4,Blond,Rounded,9.2,Yes
349,1.5,10.4,Blond,Pointed,9.5,No
336,4,10.1,White,Broad,8.7,Yes
433,3.1,12.9,Blond,Broad,5.7,No
339,5.5,13.2,Cinnamon,Pointed,8.2,Yes
487,7.1,16.3,White,Rounded,11.3,Yes
208,5.2,8.6,Dark Brown,Broad,10.6,No
331,4.9,10.1,Cinnamon,Rounded,8.4,Yes
345,2.3,11.1,Blond,Broad,6.3,No
443,1.8,7,Blond,Broad,8.7,No
396,5.9,17.1,Black,Broad,10.2,Yes
358,9.3,11.5,Black,Pointed,10.3,Yes
202,3.2,9.1,Blond,Broad,7.8,No
301,4.2,15.5,Cinnamon,Rounded,12,Yes
487,2.8,16.7,White,Broad,11.7,Yes
446,3.3,17.8,White,Broad,8.1,Yes
209,3,9.3,Dark Brown,Rounded,5.8,No
459,3,17.2,Blond,Broad,8,No
310,3.1,9.7,Blond,Broad,8.6,No
242,2.9,9.6,White,Broad,10.5,No
309,5.9,9.2,Blond,Pointed,8.3,No
276,4.5,7.8,Cinnamon,Pointed,7.9,No
470,6.5,16.8,Black,Broad,12,Yes
336,2.7,9.5,Light Brown,Pointed,8.5,No
321,4.7,12.4,White,Broad,5.6,No
325,3.4,11.4,Blond,Broad,8.2,No
486,7.9,16.1,White,Rounded,10.8,Yes
217,4,16.2,Black,Broad,10.8,Yes
251,1.8,11.1,Light Brown,Broad,11.1,No
454,3.4,16.1,Black,Broad,10.5,Yes
340,4.9,12.2,Light Brown,Broad,8.6,No
309,1.8,9.9,Light Brown,Pointed,9,No
461,7.1,11,Black,Broad,8.3,Yes
282,7.1,10.5,Blond,Pointed,9,No
344,4.3,14.7,Light Brown,Rounded,8.4,Yes
252,6.2,16.4,Black,Rounded,9.2,Yes
333,6,9,Blond,Pointed,7.3,No
343,3,10.6,Light Brown,Broad,5.3,No
287,1.5,8,Dark Brown,Broad,11.3,No
297,1.8,11.5,Blond,Pointed,7.8,No
309,4.9,7.7,Blond,Pointed,11.1,No
484,1.1,7.6,Black,Broad,12,Yes
499,1.5,18,Cinnamon,Rounded,9.8,Yes
386,4,15.3,White,Rounded,11.2,Yes
470,5,11.6,Cinnamon,Rounded,11.8,Yes
311,4.3,17.5,Cinnamon,Rounded,11.5,Yes
494,4.3,9.5,Cinnamon,Rounded,8.4,Yes
258,3.6,12.8,Light Brown,Broad,5.9,No
330,1.4,9.8,Blond,Pointed,6.6,No
348,4.9,11.4,Cinnamon,Broad,8.8,No
307,2.4,10.6,Dark Brown,Pointed,9.9,No
262,2.7,8.1,White,Pointed,6.9,No
485,4,14.9,Light Brown,Broad,6.7,No
222,8,15.9,Dark Brown,Broad,8.9,No
387,5.8,16.2,Cinnamon,Broad,8,Yes
215,4.4,15.2,Black,Rounded,10.8,Yes
460,5.6,17.1,White,Rounded,9.7,Yes
324,1.8,11.2,Dark Brown,Broad,6.4,No
296,2,11.1,Blond,Pointed,9.3,No
200,8.4,8.8,Light Brown,Broad,9.7,Yes
359,3.8,15.6,Cinnamon,Broad,11.5,Yes
224,9.8,10.1,White,Broad,9.5,No
399,7.9,12.3,White,Rounded,9,Yes
479,6.6,12.1,Cinnamon,Broad,10.7,Yes
494,7.7,12.4,Cinnamon,Rounded,10.1,Yes
397,6.6,17.3,Dark Brown,Rounded,8.3,Yes
489,9.9,16,Light Brown,Rounded,6,No
367,1.8,12.8,Cinnamon,Broad,5.5,No
461,9.3,12.1,Light Brown,Pointed,8.2,No
368,5.4,14.6,Black,Broad,9,Yes
495,4.6,8.2,Cinnamon,Broad,8.2,Yes
425,4.8,8.2,Dark Brown,Rounded,8.4,No
435,6.3,16.7,Cinnamon,Pointed,8,Yes
402,9.6,11.7,Black,Rounded,5.5,Yes
486,9,8.8,Black,Rounded,10,Yes
434,4.2,10.1,White,Rounded,6.1,Yes
290,2.2,16.6,Blond,Pointed,8.3,No
469,6.8,7.8,Black,Broad,11,Yes
492,4.6,11.9,Cinnamon,Broad,10.4,Yes
424,6.8,16.5,Cinnamon,Broad,9,Yes
220,2.3,10.3,Dark Brown,Pointed,9.9,No
455,1.5,12.1,White,Rounded,8.8,Yes
457,3.7,12.3,White,Broad,10.2,Yes
447,7.6,15.8,White,Rounded,9.7,Yes
233,4.7,7.1,Dark Brown,Broad,10.4,No
344,8.5,9.6,Blond,Broad,11.6,No
227,2.7,7.3,Blond,Broad,7.1,No
437,9.3,11.6,Cinnamon,Broad,11.8,Yes
276,5.5,12,Cinnamon,Broad,11.2,Yes
324,6.2,7.3,Dark Brown,Broad,7.8,No
302,8.5,14.4,Dark Brown,Broad,8.4,No
434,5.6,14.5,Blond,Rounded,10.7,Yes
214,3.7,11.5,Blond,Broad,5.3,No
479,4.8,13.3,Cinnamon,Broad,8.8,Yes
246,9.2,13,Light Brown,Broad,5.6,No
302,4.9,11.6,Dark Brown,Pointed,9,No
392,1.6,7.8,Dark Brown,Broad,9.8,No
300,3.3,12.6,Blond,Broad,8.4,No
347,5.8,14.7,Cinnamon,Broad,8.6,Yes
215,2.3,11.6,Blond,Rounded,8.3,No
346,5.6,14.8,Cinnamon,Rounded,10.4,Yes
348,8.5,16.4,Light Brown,Broad,11.2,No
348,5.5,9.9,Dark Brown,Pointed,7,No
455,3.4,9.1,Cinnamon,Rounded,9.6,Yes
428,4,12.4,White,Rounded,10.3,Yes
403,6.4,9.1,White,Rounded,8.8,Yes
219,9.4,11.6,Black,Rounded,10.3,Yes
309,1,16,Light Brown,Broad,9.7,Yes
345,2,13.6,White,Rounded,11,Yes
220,1.3,10.5,Blond,Pointed,9.6,No
446,4.3,15.4,Cinnamon,Rounded,10,Yes
361,6.6,16.8,Cinnamon,Pointed,6.1,Yes
310,8.5,13.7,Black,Broad,10.2,Yes
296,1.6,12.8,Blond,Broad,8,No
201,2.6,12.4,Blond,Broad,7.5,No
413,4.6,15.8,White,Rounded,9.3,Yes
385,8.1,11.2,White,Broad,8.9,Yes
350,5.4,15.1,Dark Brown,Broad,9.4,No
478,2.5,14.7,White,Broad,8.9,Yes
423,4.1,13,White,Rounded,9.2,Yes
328,4.5,15.9,Black,Rounded,6.5,Yes
233,1.6,11.6,Blond,Broad,9.7,No
480,2.2,12.6,Dark Brown,Broad,6.8,No
316,1.5,7.9,Blond,Rounded,6.5,No
228,3.6,12.6,Blond,Rounded,6.4,No
341,4.6,13.2,Dark Brown,Rounded,5.2,No
213,9.6,11.8,Dark Brown,Pointed,11.9,Yes
307,8.7,8.2,Black,Rounded,5.4,Yes
345,9.9,12.9,Black,Broad,9.2,Yes
414,8.7,11.5,White,Rounded,9,Yes
341,4,11.2,Black,Pointed,7.3,No
311,4.9,11.8,Light Brown,Broad,5.4,No
404,4.7,13.8,White,Rounded,5.2,Yes
207,5,16.8,Light Brown,Broad,11.9,Yes
385,3.6,12.1,Light Brown,Broad,5.4,No
461,7.1,12.8,White,Broad,9.5,Yes
218,2.2,10.2,White,Broad,5.1,No
463,9.7,15,White,Broad,10.4,Yes
426,6.6,14.9,Cinnamon,Broad,9.3,Yes
307,5.1,8.9,Blond,Pointed,8.2,No
455,8.1,13.1,Black,Pointed,9.7,Yes
452,3,7.7,Light Brown,Pointed,8,No
201,1.8,10.1,Light Brown,Pointed,11.9,No
264,3.8,8,Dark Brown,Pointed,9.9,No
292,6.9,11.6,Black,Broad,10.2,Yes
454,9.8,7.4,Black,Rounded,8,Yes
289,4.9,11.7,Dark Brown,Broad,7,No
257,4.1,8.5,Dark Brown,Broad,10.1,No
289,4.2,12.5,Dark Brown,Pointed,10,No
480,4.6,8.9,Blond,Pointed,5.9,No
477,5.7,12.6,White,Rounded,9.3,Yes
412,5.5,12.6,Cinnamon,Broad,8.6,Yes
223,4.2,17.7,Black,Rounded,11.6,Yes
493,7.4,14.3,Cinnamon,Broad,6.3,Yes
352,1.7,13.7,Blond,Pointed,9.8,No
497,5.7,14.9,Black,Rounded,8.6,Yes
305,6.7,12.4,Black,Broad,8.3,Yes
308,4.4,12,Black,Rounded,6.8,Yes
319,2.2,7.3,Dark Brown,Broad,11,No
254,4.7,10,Black,Pointed,6.9,No
498,7.7,11.8,Black,Broad,11.5,Yes
342,4.1,13.9,Dark Brown,Pointed,9.9,No
416,8.5,16.8,White,Broad,10.5,Yes
401,5.1,16,Black,Rounded,11.4,Yes
368,1.7,12.4,Light Brown,Broad,5.7,No
391,5.2,17.6,Black,Rounded,9.6,Yes
471,5.1,10.5,Light Brown,Rounded,5.2,No
440,9.8,16.1,Black,Broad,9.3,Yes
303,3.7,11.8,Dark Brown,Rounded,9.8,No
279,4.8,11.1,White,Broad,10.8,Yes
212,1.9,9,Light Brown,Broad,8.8,No
350,8.5,17.1,Cinnamon,Rounded,9.5,Yes
273,5,8.7,Blond,Pointed,8.3,No
345,7.5,9.6,Cinnamon,Broad,6.4,Yes
337,8.8,17.7,Cinnamon,Rounded,10.5,Yes
371,1.2,8.9,Dark Brown,Rounded,9.7,No
441,7.5,7.4,White,Broad,11.5,Yes
480,7.7,8.1,Light Brown,Rounded,9.4,No
354,7.2,16.7,Cinnamon,Broad,10.7,Yes
267,4.8,8.6,Blond,Broad,7.8,No
307,1.4,10.3,Light Brown,Broad,8.3,No
463,6.8,7.5,Dark Brown,Broad,7.1,No
325,5.9,7.1,Light Brown,Pointed,6.7,No
435,3.2,8.6,Dark Brown,Broad,7.4,No
281,7.7,11.2,Light Brown,Rounded,9.8,No
310,3.6,9.3,Cinnamon,Broad,8,Yes
234,2.8,11.3,Blond,Pointed,5.3,No
487,2.2,9.8,Cinnamon,Rounded,11.1,Yes
357,8.4,15.4,White,Rounded,8.8,Yes
346,3.4,7.1,Black,Broad,5.6,No
330,1.6,15.5,Cinnamon,Broad,11.8,Yes
292,1.5,10.1,Light Brown,Broad,5,No
336,7.3,13.6,Cinnamon,Broad,9.5,Yes
405,7.9,8.4,Light Brown,Pointed,7.6,No
333,1.7,11.6,Blond,Broad,9,Yes
227,4.6,12.3,Blond,Broad,8.4,No
279,1.4,11.1,Light Brown,Rounded,5.9,No
207,4.4,8.8,Blond,Pointed,8.4,No
214,2.8,10.3,Light Brown,Broad,8.3,No
285,9.3,16.9,Black,Rounded,9.3,Yes
424,9.3,7.2,Cinnamon,Rounded,10.5,Yes
301,9.4,14.9,Black,Rounded,11.7,Yes
300,5.2,16.4,White,Broad,9,Yes
335,6.4,12.6,Cinnamon,Rounded,10.2,Yes
369,2.9,17.1,Black,Broad,9.6,Yes
217,4,12.1,Light Brown,Rounded,7.7,No
247,2.5,15.7,Blond,Pointed,10.3,No
378,6.1,16.3,Cinnamon,Rounded,11.3,Yes
355,9.1,16,White,Pointed,7.1,Yes
329,6.7,13.1,Cinnamon,Broad,9.6,Yes
383,3.1,11.3,Light Brown,Broad,9.7,No
252,3.9,8.4,Dark Brown,Broad,8.9,No
469,5.7,18,White,Pointed,10.4,Yes
381,3.3,15.5,White,Rounded,9.7,Yes
358,7.3,17.5,Blond,Broad,11.4,Yes
396,7.7,15.8,Cinnamon,Broad,9.2,Yes
418,4.5,15.6,Light Brown,Broad,8.1,Yes
378,5.3,8.9,Black,Pointed,8.8,Yes
347,5.5,13.5,White,Rounded,6.5,Yes
414,9.2,9.1,Cinnamon,Broad,11.6,Yes
296,3.4,8.4,Light Brown,Pointed,9.3,No
292,4.6,9.2,Cinnamon,Rounded,6.4,No
368,8.7,13.3,White,Pointed,10.5,Yes
374,3.3,10.7,Black,Broad,8.2,Yes
387,1.6,16.8,Light Brown,Rounded,11.9,Yes
297,8.1,13.9,Blond,Pointed,8.2,No
343,5.2,8.2,Dark Brown,Pointed,9.5,No
335,4.4,12.8,Dark Brown,Pointed,6.3,No
214,5.4,8,Dark Brown,Broad,6.2,No
224,1,12,Light Brown,Pointed,8.7,No
307,2.4,7.7,Cinnamon,Rounded,8.3,Yes
413,3,13,Cinnamon,Rounded,11.4,Yes
243,9.3,15.9,Cinnamon,Rounded,8,Yes
310,2.5,7.3,Light Brown,Pointed,9.7,No
294,8.9,11,White,Pointed,6.8,Yes
317,4,8.3,Light Brown,Pointed,8.3,No
313,5.1,10.2,Black,Broad,12,Yes
302,5,10.4,Black,Rounded,5.1,Yes
300,6.6,11.1,Dark Brown,Broad,6.7,No
223,4.6,12.1,White,Rounded,5.5,No
361,4,7.1,Light Brown,Broad,8.7,No
345,8,14.8,White,Pointed,8.8,Yes
332,4.7,16.4,White,Rounded,10.7,Yes
265,8.3,10.5,Dark Brown,Broad,5.5,No
301,3,8.9,Blond,Rounded,6.4,No
303,9.8,12.2,Cinnamon,Rounded,12,Yes
410,5.1,13.2,Dark Brown,Pointed,9.9,No
331,4.1,13.6,White,Rounded,10.7,Yes
300,1.2,10.9,Blond,Pointed,9.2,No
297,8.6,7.6,Blond,Broad,5.3,No
317,2.9,16.7,Blond,Rounded,10.3,No
451,4.3,9.4,Black,Pointed,8,Yes
227,3.6,10.5,Blond,Pointed,9,No
348,6.9,14.9,Light Brown,Pointed,6.6,No
324,6.2,11.6,Cinnamon,Rounded,8.8,Yes
316,4.7,8.4,Light Brown,Pointed,8.1,No
307,2.8,13,Light Brown,Pointed,7,No
307,9.3,13.6,White,Pointed,9,Yes
463,9.5,8.1,Light Brown,Rounded,8.3,Yes
355,3.3,11.3,Blond,Broad,9.5,No
459,9.6,14.8,Black,Pointed,11,Yes
391,3.8,10.2,Light Brown,Broad,6.3,No
468,2,12.8,Blond,Pointed,7,No
499,3.3,16.6,White,Broad,8.2,Yes
262,9.4,8.6,Black,Broad,8.2,Yes
374,4.4,15.3,White,Rounded,11.6,Yes
448,10,11.5,Cinnamon,Broad,7.4,Yes
412,1.6,7,Blond,Broad,6.8,No
263,4.3,7.9,Light Brown,Pointed,8.9,No
331,2.5,11.2,Light Brown,Rounded,5.2,No
237,5.2,14.6,Dark Brown,Pointed,9.1,No
216,3.1,7.7,Dark Brown,Broad,6.4,No
338,3.8,10.2,Dark Brown,Pointed,6.3,No
332,4.2,16.9,White,Broad,10.8,Yes
348,4.6,12.6,Light Brown,Rounded,9.7,No
321,4.1,8.6,Dark Brown,Rounded,8.1,No
235,4.1,9,Blond,Rounded,5.5,No
416,5.7,14.4,Black,Rounded,10.4,Yes
260,3.3,10.3,Blond,Broad,8.9,No
353,4,17.7,White,Rounded,11.9,Yes
399,5.7,12.6,Black,Broad,11.6,Yes
462,5.3,14.8,Cinnamon,Broad,8.6,Yes
291,4.8,9.8,Dark Brown,Pointed,9.7,No
253,8.1,7.7,White,Broad,8.4,Yes
226,2,13.3,Blond,Broad,9.2,No
278,1,9.2,Dark Brown,Rounded,8.8,No
440,5.9,12.1,Black,Rounded,8.6,Yes
238,3.9,12.3,Blond,Pointed,6.8,No
323,4.6,10.3,Light Brown,Broad,5.2,No
230,9.8,11.5,Cinnamon,Broad,6.6,No
288,6.3,17.8,Light Brown,Pointed,6.2,No
379,9.3,15.7,Cinnamon,Broad,5,Yes
457,8.1,11.6,Black,Broad,9.7,Yes
305,6.6,17,Cinnamon,Rounded,8.7,Yes
342,4.6,17.9,Cinnamon,Broad,10.9,Yes
365,5,13.3,Cinnamon,Broad,8.8,Yes
428,6.8,9.1,White,Rounded,10.4,Yes
439,9.3,14.9,Cinnamon,Broad,10.1,Yes
344,2.6,10.4,Blond,Broad,6.8,No
346,1.2,8.9,Blond,Broad,6.4,No
397,2.4,11.4,Dark Brown,Pointed,7.2,No
231,9.4,10.2,Cinnamon,Broad,10,No
390,5.9,13.7,Black,Broad,11.4,Yes
434,1.1,17.1,Black,Rounded,11.9,Yes
460,2.1,17.2,White,Broad,11.5,Yes
346,6.7,16.3,Black,Pointed,9.2,Yes
335,5.9,7.1,Dark Brown,Broad,8,No
312,5.5,11.8,Blond,Broad,9.7,No
457,3.7,11.7,Dark Brown,Pointed,8,No
409,4.8,7.7,Dark Brown,Rounded,8.4,No
446,8.5,15,Black,Broad,10.9,Yes
261,1.4,10.1,Light Brown,Pointed,8.6,No
252,5.4,7.7,Light Brown,Rounded,6.7,No
385,8.3,13.1,White,Broad,9.6,Yes
209,7.3,11.3,Light Brown,Broad,9.5,No
388,8.3,8,Cinnamon,Rounded,8.3,Yes
310,3.8,9.5,Cinnamon,Pointed,6.3,No
246,3.6,8.5,Light Brown,Rounded,5.4,No
306,4.4,8,Light Brown,Broad,11.4,No
396,9.3,14.7,Black,Broad,10.1,Yes
313,5.3,10.1,Light Brown,Pointed,11.5,No
319,2.7,7.2,Blond,Broad,8.2,No
411,4.9,11.6,Cinnamon,Broad,10.6,Yes
447,9.9,14.3,Cinnamon,Broad,8,Yes
490,6.6,17.6,White,Broad,11.9,Yes
413,7.6,12.2,Black,Broad,11.4,Yes
320,4.4,11,Blond,Pointed,9.3,No
419,6.6,17.2,Black,Broad,11.9,Yes
270,2.8,8.6,Dark Brown,Pointed,9.8,No
275,4.3,10.3,Black,Pointed,10,No
285,2.5,10.7,Light Brown,Broad,5.1,No
495,5.2,9,White,Broad,9.3,Yes
315,5.4,11.6,Light Brown,Broad,9,Yes
369,7,13,Cinnamon,Broad,8.2,Yes
296,2.5,11.6,Cinnamon,Pointed,5.3,No
459,7.1,16,Cinnamon,Rounded,8.7,Yes
491,4.1,16.5,Blond,Rounded,9.3,Yes
380,4.7,7.9,Light Brown,Broad,9.2,No
310,9,13.4,Cinnamon,Rounded,10,Yes
266,4.3,7.9,White,Pointed,10,No
220,2.5,12.8,Light Brown,Pointed,8.1,No
344,3.5,7.8,Dark Brown,Broad,6.8,No
248,1.1,11.2,Dark Brown,Broad,5.3,No
294,2.2,8.8,Light Brown,Rounded,8.1,No
417,3.6,7,Light Brown,Pointed,8.2,No
344,2.1,11.1,Dark Brown,Broad,8.5,No
289,2,7.8,Dark Brown,Pointed,9.3,No
369,7.8,11.6,Cinnamon,Broad,8.7,Yes
321,7.2,8.1,Blond,Pointed,5.6,No
345,7.6,16.4,Cinnamon,Broad,11.6,Yes
360,9.6,9.3,Black,Pointed,5.3,Yes
333,4.8,12.3,Light Brown,Pointed,10.7,No
217,3,8.5,Light Brown,Rounded,5.8,No
466,7,16.5,Black,Broad,8.1,Yes
487,4,11.5,Black,Rounded,10.1,Yes
272,1.3,8.3,Light Brown,Broad,5.9,No
475,5,12.3,Dark Brown,Pointed,5.3,No
463,3.8,11.4,Black,Broad,8.9,Yes
369,4.1,11.8,White,Broad,11.8,Yes
344,8.9,16,Cinnamon,Broad,9.4,Yes
433,8.5,7,Black,Broad,8.7,Yes
356,4.9,13.3,Cinnamon,Pointed,10.5,Yes
295,2.5,13,Light Brown,Rounded,9.5,No
312,1.2,11.4,White,Rounded,6.3,Yes
424,1.3,11.7,Dark Brown,Pointed,6,No
343,2.2,15.4,Light Brown,Pointed,9.8,No
277,3.2,11.5,Light Brown,Pointed,7.2,No
309,8.1,17.3,Black,Broad,9.7,Yes
334,1.6,7.7,Black,Broad,7.3,No
291,4.7,9.1,Blond,Pointed,11.4,No
320,1.1,12.1,Blond,Pointed,5.5,No
341,2.7,12.1,Light Brown,Pointed,6.8,No
487,9.9,15,Cinnamon,Broad,11.6,Yes
359,5.1,16.4,Black,Rounded,9.5,Yes
205,2.3,10.2,Blond,Broad,8.5,No
350,1.4,12,Dark Brown,Pointed,8.5,No
447,3.4,13.9,Black,Broad,8.3,Yes
298,1.8,12.8,Dark Brown,Broad,8.1,No
276,1.9,13,White,Pointed,5,No
276,3.8,11.5,Dark Brown,Broad,5.2,No
290,8.9,11.9,Light Brown,Pointed,10.5,No
218,4,8,Dark Brown,Pointed,8.2,No
217,7.8,12.8,White,Rounded,10.8,Yes
274,2.6,12.3,Blond,Broad,7.6,No
318,4.3,9,Light Brown,Broad,11,No
264,2.9,9.8,Dark Brown,Broad,9.5,No
475,5.8,15.2,White,Rounded,11,Yes
341,4.6,15,Cinnamon,Pointed,10.7,Yes
316,1.7,8.2,Light Brown,Pointed,7.9,No
320,2.9,11.5,Black,Broad,11.2,Yes
310,2.5,10.1,Dark Brown,Pointed,6.8,No
400,7.5,10.3,Black,Rounded,11.1,Yes
304,6.4,11.1,White,Rounded,11.7,Yes
348,2.2,12.8,Dark Brown,Broad,6.1,No
441,5,16,Cinnamon,Broad,9.4,Yes
457,7.6,16.2,Cinnamon,Broad,9.5,Yes
450,3.6,9.9,Blond,Pointed,9.4,No
488,6.6,10.8,White,Broad,9.3,Yes
430,5.6,8.4,Light Brown,Pointed,8.7,No
254,4.3,9.9,Light Brown,Pointed,5.5,No
219,5.1,13,White,Broad,10,No
492,8.1,14,Cinnamon,Pointed,8.1,Yes
223,4.8,7.7,Light Brown,Pointed,9.5,No
387,9.7,17.2,Dark Brown,Broad,8.4,Yes
342,4.9,8,Blond,Broad,5.8,No
396,5.3,14.3,Cinnamon,Rounded,8.4,Yes
355,2.4,8.7,Light Brown,Broad,10.2,No
295,3.6,10.4,Dark Brown,Broad,9.7,No
437,4.8,12.8,Light Brown,Rounded,8.5,Yes
295,3.1,16.2,Light Brown,Pointed,5,No
442,9.8,12,White,Rounded,9.9,Yes
477,6.8,12.6,Black,Rounded,9.6,Yes
282,1.4,7.4,Black,Broad,5.7,No
450,10,11,White,Broad,10.4,Yes
375,9.8,9.3,White,Rounded,8.8,Yes
288,3.9,10.7,Dark Brown,Broad,7.6,No
321,1.5,8.7,Dark Brown,Broad,6.5,No
459,8.4,14.1,White,Rounded,8.7,Yes
252,1,8.6,Dark Brown,Pointed,7,No
240,4.2,7.5,Light Brown,Broad,6.1,No
259,4.6,9,Blond,Broad,10.6,No
350,5.4,10.3,Dark Brown,Pointed,9.4,No
377,3.5,15.7,Cinnamon,Broad,8.8,Yes
470,5.2,15.3,Black,Broad,7.6,Yes
231,1.6,9.2,Blond,Broad,7.7,No
339,8.9,17.1,Black,Broad,9.8,Yes
347,2.2,14,White,Rounded,11.6,Yes
306,3.6,7.2,Light Brown,Pointed,7.8,No
277,4.7,17.2,Cinnamon,Broad,10.2,Yes
235,3.7,10.6,Dark Brown,Pointed,8.8,No
338,3.4,16.8,Dark Brown,Broad,9.9,No
374,2.5,15,Black,Rounded,5.6,Yes
317,1.3,10.7,Blond,Pointed,8.6,No
371,1,11.4,Cinnamon,Broad,8.9,Yes
421,3.4,12.3,Light Brown,Broad,9.3,Yes
284,3.8,9.9,Light Brown,Broad,7.1,No
464,8.1,13.9,White,Rounded,10.9,Yes
265,4,7.8,Light Brown,Pointed,8.2,No
360,9.4,11.8,White,Rounded,8.3,Yes
332,2.3,7.5,Black,Rounded,8,Yes
339,5.8,12.6,Black,Broad,9.3,Yes
231,3.4,7.6,Blond,Pointed,9.8,No
365,5.2,11.7,Cinnamon,Broad,8.9,Yes
335,2.4,11.4,Blond,Broad,8.8,No
210,3.4,11.2,Dark Brown,Rounded,11.5,Yes
250,1.4,7.8,Light Brown,Broad,8.8,No
330,1.9,10,Dark Brown,Broad,9.9,No
372,8.1,8.5,Black,Rounded,9.6,Yes
267,5.9,9.2,White,Rounded,6.5,Yes
253,5.1,12.4,Blond,Broad,9.3,No
427,6.7,14,Light Brown,Broad,9.2,Yes
231,1.5,13.7,Dark Brown,Rounded,8.7,No
384,8.5,14,White,Pointed,10.2,Yes
325,1,10.5,Blond,Rounded,6.1,No
429,6.3,11.9,Black,Rounded,6.9,Yes
201,1.4,8.5,Blond,Pointed,7.7,No
271,4.4,11.1,Black,Rounded,8.1,Yes
419,4.8,16.4,Black,Broad,8.9,Yes
411,5.2,13.2,Cinnamon,Broad,12,Yes
214,6.2,16,Cinnamon,Broad,8.8,Yes
320,8.8,8.1,Blond,Rounded,8.9,Yes
348,7.2,12.2,Cinnamon,Broad,10.5,Yes
374,7.2,17.2,Black,Broad,9.1,Yes
318,2.9,14.9,Cinnamon,Rounded,10.1,Yes
271,6.9,17.4,White,Broad,9.3,Yes
388,1.9,8,Light Brown,Broad,5.2,No
310,1,10.2,Dark Brown,Broad,7.4,No
296,2.2,10.6,Dark Brown,Pointed,11.6,No
451,5.2,13.3,Cinnamon,Broad,11.5,Yes
263,5.5,17,Blond,Pointed,9.8,No
337,2.2,11.2,Blond,Rounded,6.2,No
245,4,8.2,Light Brown,Pointed,6.6,No
476,4.4,15.2,White,Pointed,10.1,Yes
313,6.9,9,Dark Brown,Broad,9.3,No
295,6.1,16.2,Light Brown,Broad,11.5,No
410,8.2,17.1,Black,Broad,9.6,Yes
428,4.8,14.4,Black,Pointed,5.4,Yes
498,1.7,11.3,White,Rounded,10.3,Yes
360,2.4,16.8,Black,Rounded,5.4,Yes
423,8.6,11.6,Black,Broad,8.7,Yes
378,9.5,12.2,Cinnamon,Rounded,8.2,Yes
298,3.2,10.5,Dark Brown,Pointed,5.1,No
219,8.8,10.9,Dark Brown,Rounded,5.4,No
316,5.3,10.1,Light Brown,Broad,11.7,No
401,1.9,17,White,Broad,8.6,Yes
259,6.8,14.8,Black,Pointed,8.6,Yes
460,4.4,12.9,Black,Rounded,11.9,Yes
379,4.8,17.9,Black,Broad,8.2,Yes
209,2.2,13.9,Blond,Broad,7.8,No
293,4.3,16.5,Black,Pointed,11.4,Yes
473,2.1,7.7,Blond,Pointed,10,No
347,2.4,11.6,Blond,Rounded,6.2,No
454,4.6,11.1,Light Brown,Pointed,7.7,No
484,9.2,12.7,White,Rounded,8.8,Yes
435,3.9,15.8,Black,Broad,10.7,Yes
371,3.7,12.1,Black,Rounded,5.6,Yes
321,4.5,12.9,Blond,Pointed,8.1,No
204,4,12.7,Blond,Broad,9.2,No
329,5.2,16,Black,Broad,10.9,Yes
317,9.4,11.4,White,Rounded,8.3,Yes
430,6,12.3,Cinnamon,Rounded,7.2,Yes
376,7,17.2,Cinnamon,Rounded,8.7,Yes
263,4.9,7.3,Cinnamon,Pointed,9.7,No
318,8.1,10,Dark Brown,Rounded,9.2,Yes
276,3,8.9,Dark Brown,Rounded,8.8,No
417,2.6,10.8,Blond,Pointed,5.1,No
323,7.8,13,Black,Broad,9.1,Yes
332,1.6,17,Dark Brown,Broad,6.9,No
306,4.1,16.9,Cinnamon,Pointed,8.6,Yes
486,6.9,7.1,White,Rounded,9.4,Yes
339,7,7.8,Black,Pointed,8,No
243,1.3,11.8,Black,Rounded,10.6,Yes
325,1.6,13.3,Cinnamon,Rounded,10.8,Yes
302,4.1,11.2,Dark Brown,Broad,8,No
336,5.5,8.5,Dark Brown,Broad,10,No
280,3.9,9.1,Cinnamon,Pointed,7,No
271,4.5,8.3,Light Brown,Broad,10.2,No
367,9.5,11.8,White,Broad,7.4,Yes
331,5.4,10.4,Blond,Broad,6.4,No
221,4.9,12.3,Blond,Pointed,8.7,No
303,4.6,12.5,Light Brown,Broad,7.6,No
494,3.4,18,Black,Rounded,10.8,Yes
260,5.1,12.2,Light Brown,Broad,8.1,No
274,1.9,9.2,Light Brown,Broad,6.5,No
318,1.5,10.9,Dark Brown,Pointed,9.8,No
231,2.8,7.4,Light Brown,Broad,7.1,No
204,5.9,10.4,White,Broad,9.4,Yes
328,3.4,9.4,Dark Brown,Broad,5.5,No
368,5,15.3,Black,Broad,8.9,Yes
349,4.7,11.3,Blond,Pointed,11.2,No
287,3.3,12.3,Blond,Pointed,7.1,No
267,6,16.9,Cinnamon,Rounded,11.5,Yes
339,4.2,15.8,White,Broad,8,Yes
350,2.9,8,Light Brown,Pointed,8,No
500,3.4,14.2,Light Brown,Pointed,8.5,No
293,4.7,11.5,Cinnamon,Pointed,5.3,No
218,2.1,9.2,Dark Brown,Broad,6.4,No
438,4.8,16.7,Blond,Rounded,11.2,Yes
359,4.7,15.7,Cinnamon,Pointed,9.7,Yes
385,6,10.7,Light Brown,Rounded,8.9,Yes
467,9.6,11.1,Cinnamon,Broad,9.5,Yes
391,5.9,13.6,White,Broad,10.1,Yes
291,1.7,11.2,Blond,Pointed,8.6,No
404,2.8,10.1,Dark Brown,Broad,9.5,No
315,9.2,10.9,Light Brown,Broad,6.8,No
330,2.3,11.8,Light Brown,Pointed,8.2,No
300,9.8,15.8,White,Rounded,11.7,Yes
325,5,10.8,Blond,Broad,5.6,No
257,8.6,15.6,Cinnamon,Rounded,9.7,Yes
445,5,13.3,Black,Broad,10.6,Yes
328,8.5,8.6,Cinnamon,Rounded,9,Yes
326,9.4,11.4,Light Brown,Broad,7.1,No
447,5.3,8.6,Dark Brown,Pointed,6.1,No
318,4.9,12.5,Dark Brown,Pointed,8,No
432,8.8,14.9,Cinnamon,Broad,11.7,Yes
486,7.5,11.8,Cinnamon,Rounded,7.2,Yes
269,4.8,17.9,Blond,Broad,8.2,No
267,1.2,8,Dark Brown,Rounded,7.4,No
204,5.3,16.2,Blond,Broad,12,No
329,5.4,15.7,White,Pointed,10,No
435,6.7,13,White,Rounded,11.2,Yes
259,5.3,13.7,Blond,Rounded,5.6,No
315,6.4,12.9,Black,Rounded,6.3,Yes
314,1.9,12.4,Light Brown,Pointed,5.1,No
336,8.1,16.9,Black,Broad,8.8,Yes
263,4.6,8.4,Light Brown,Pointed,7.2,No
429,4.3,13,Dark Brown,Broad,5.6,No
304,3.7,9.2,Dark Brown,Pointed,7.1,No
370,6.3,15.5,White,Broad,10.6,Yes
309,1.6,12.3,Black,Broad,8.3,Yes
338,8.4,11.9,White,Rounded,8.8,Yes
253,7.8,12.5,Blond,Broad,7.8,No
345,7.6,17.4,Cinnamon,Broad,9.5,Yes
242,2.8,10.1,Dark Brown,Broad,9.6,No
240,4.1,12.7,Blond,Pointed,10.4,No
348,2.2,9.5,Dark Brown,Pointed,5.2,No
334,3.9,11,Cinnamon,Broad,9.7,No
304,1.9,16,Light Brown,Rounded,8.1,No
326,4.1,11.8,White,Broad,5.8,Yes
340,6.2,12.1,Black,Rounded,11.3,Yes
442,5.9,13.4,White,Rounded,8.1,Yes
298,5.4,8.9,Light Brown,Broad,11.7,No
222,3.3,9.7,White,Pointed,8.6,No
245,5.8,9.7,Light Brown,Broad,8.1,No
212,3.6,9.3,Blond,Broad,7.7,No
339,9.8,8.8,Black,Rounded,5.1,Yes
227,4.4,11.3,Blond,Pointed,6.8,No
379,9.8,15.4,White,Broad,11.4,Yes
294,7.4,8.2,Blond,Broad,7.6,No
315,2.4,12.9,Dark Brown,Broad,10.7,No
323,9.2,13.4,Black,Broad,9.9,Yes
335,4.1,11.2,Dark Brown,Pointed,5.5,No
246,1.6,9.6,Dark Brown,Pointed,8.5,No
465,7,16.2,Cinnamon,Rounded,8.5,Yes
357,7.3,12.2,Blond,Rounded,8,Yes
307,1,12.4,Blond,Broad,9.4,No
207,1.3,12.3,Blond,Broad,8.9,No
413,6.8,13,Cinnamon,Rounded,6.8,Yes
229,5.4,7.8,Light Brown,Pointed,10.7,No
231,4.7,17.8,Cinnamon,Rounded,8.2,Yes
328,7.9,9.7,Cinnamon,Broad,7.6,Yes
317,5.3,15.7,Dark Brown,Broad,5.7,No
267,2.8,15.5,White,Pointed,7.8,No
340,8.3,17.4,Cinnamon,Broad,9.4,Yes
302,4.2,14.8,Light Brown,Pointed,8.8,No
238,7.3,11.4,Cinnamon,Pointed,8.6,Yes
387,5.7,17.3,Dark Brown,Broad,11.3,Yes
265,4.1,11.9,Light Brown,Pointed,5.6,No
281,2.8,11.3,Blond,Broad,8.1,No
285,4.7,17.3,Dark Brown,Broad,11,No
389,5.7,11.9,White,Pointed,11.2,Yes
332,8.5,14.5,Black,Pointed,9.4,Yes
466,9.1,8.9,White,Broad,8.4,Yes
401,4.1,14.6,Dark Brown,Pointed,7.8,No
327,3,7.4,Dark Brown,Pointed,8,No
280,1.7,11.2,Dark Brown,Broad,7.1,No
213,3.1,9.1,Dark Brown,Broad,7.2,No
327,3.4,12.2,Dark Brown,Broad,7.7,No
279,9.5,11.8,Light Brown,Broad,6.5,No
243,1.2,17.9,Light Brown,Pointed,9.8,No
309,3.9,9.1,Blond,Broad,8.2,No
238,3.4,10.1,Dark Brown,Pointed,6.3,No
379,3.7,13.1,Cinnamon,Rounded,10.8,Yes
458,8.2,12.4,Black,Broad,10.2,Yes
453,9.1,11,Black,Pointed,10.4,Yes
260,1,9.1,Light Brown,Broad,5.1,No
333,7.3,7.2,Dark Brown,Broad,8.1,No
492,4.2,9.3,White,Rounded,11.8,Yes
218,5.6,11.7,Cinnamon,Rounded,9.8,Yes
202,6.5,15.5,White,Rounded,11.2,Yes
312,4.4,10.7,Blond,Pointed,8,No
331,8,16,Cinnamon,Broad,9.1,Yes
387,8.8,17.1,Blond,Broad,9.6,Yes
288,8.2,14.6,Light Brown,Broad,8.1,No
274,4.4,11.5,Dark Brown,Broad,6.6,No
334,7.8,15.9,White,Broad,9.1,Yes
284,5,12.8,Dark Brown,Broad,10.5,No
299,5.3,8.2,Blond,Broad,10.2,No
368,3.7,7.8,White,Broad,11.8,Yes
281,8.3,11.2,Dark Brown,Pointed,10,No
423,1.9,12,Cinnamon,Broad,9.5,Yes
361,3.5,8.1,Cinnamon,Broad,5,No
206,9.2,15.5,Dark Brown,Rounded,6.7,No
271,1.3,8.4,Cinnamon,Broad,7.4,No
337,2,10.6,Light Brown,Pointed,8.1,No
459,5.6,9.5,Blond,Pointed,11,No
414,9.6,7,White,Rounded,12,Yes
361,1.2,12.4,Blond,Broad,6.7,No
492,1,8.1,Blond,Broad,6.5,No
286,1.5,14,White,Pointed,9.8,No
237,5.5,17.1,Dark Brown,Pointed,6.4,No
324,8.4,17.1,White,Rounded,8.9,Yes
448,5.5,15.2,Cinnamon,Broad,11,Yes
323,2,14.7,White,Pointed,5.4,No
217,2.9,12.4,Light Brown,Rounded,8,No
267,2.7,14.1,Light Brown,Broad,8.6,No
200,5.8,12.6,Dark Brown,Pointed,9.1,No
399,9.2,8.6,Black,Rounded,8.2,Yes
358,4.7,11.6,White,Broad,11.2,Yes
499,6.6,17.5,White,Rounded,11.8,Yes
305,4.4,12.3,Blond,Pointed,9.7,No
314,7.9,12.6,Cinnamon,Broad,8.4,Yes
370,4.1,7.1,Light Brown,Broad,9.7,No
418,6.8,17.5,White,Rounded,11.8,Yes
314,4,12.9,Light Brown,Broad,9.8,No
481,4.4,15.9,Cinnamon,Broad,8.2,Yes
438,10,13,Black,Rounded,7.1,Yes
470,5.4,7.2,Cinnamon,Rounded,10.4,Yes
473,4.3,11.6,Dark Brown,Broad,9.6,Yes
288,4.3,11.2,Blond,Broad,10.3,No
397,1.5,9.1,Light Brown,Pointed,6.2,No
271,2.7,9.6,Blond,Broad,5.1,No
230,7.8,10.5,Blond,Pointed,5.6,No
327,5.4,17.1,Light Brown,Broad,8,No
333,5.3,9.8,Dark Brown,Broad,5.7,No
379,1.4,9.2,Blond,Broad,5.8,No
367,8.2,11.6,Light Brown,Broad,8.9,Yes
421,8.2,11.5,Cinnamon,Broad,10.2,Yes
469,6.3,13.4,White,Rounded,9.5,Yes
210,4.1,7.8,Blond,Broad,10.2,No
409,5.3,12.8,Cinnamon,Broad,8.4,Yes
248,4,9.9,Light Brown,Broad,7.7,No
343,4.1,15,White,Rounded,10.8,Yes
347,4.1,16.9,Light Brown,Pointed,6,No
392,8.7,9.4,Black,Broad,11.5,Yes
257,3.2,8.2,Blond,Pointed,6.4,No
262,5.4,11.2,White,Broad,11.1,Yes
487,4.5,17.4,White,Broad,8.6,Yes
408,2.2,7.1,Blond,Pointed,5,No
415,1.5,10.1,Black,Broad,11.9,Yes
259,6.2,16.7,Black,Broad,11.4,Yes
330,6,14.2,Light Brown,Broad,8,Yes
313,1.6,11.1,Blond,Pointed,9.8,No
234,2.6,14.8,Cinnamon,Pointed,7.5,No
232,1.5,7.7,Blond,Broad,7.7,No
230,4.1,11.2,Cinnamon,Pointed,7.8,No
343,7.5,16.4,White,Rounded,8.6,Yes
424,7.6,8,Light Brown,Pointed,9.8,No
430,6.8,14.7,Cinnamon,Rounded,8.3,Yes
231,2.4,7.4,Cinnamon,Pointed,7.6,No
342,6.6,17.9,White,Broad,9.6,Yes
369,8,14.9,White,Rounded,5.8,Yes
364,9.8,8.7,White,Broad,9.3,Yes
204,3,12.9,Blond,Broad,6.8,No
244,2.2,12,Light Brown,Pointed,6.9,No
318,7.9,15.8,White,Broad,8.9,Yes
384,9.4,15.8,Cinnamon,Broad,8.9,Yes
398,7,12.3,Black,Rounded,9.5,Yes
267,2,16.2,Cinnamon,Pointed,6.2,No
360,9.5,11.5,White,Rounded,9.6,Yes
341,4.3,17.3,Blond,Rounded,11.7,No
265,1.4,13.1,Light Brown,Rounded,5.7,No
310,1.2,17.4,White,Rounded,9.3,Yes
313,7,7.6,Light Brown,Pointed,6.2,No
233,5.1,12.7,Blond,Broad,5.2,No
393,5.4,16.2,Black,Broad,8.1,Yes
278,4.2,10,Blond,Broad,9.3,No
447,7.9,15.7,Light Brown,Rounded,11.5,Yes
405,2.3,10,Dark Brown,Pointed,7.5,No
349,4.7,17.1,White,Rounded,10,Yes
420,8.5,11.7,Black,Broad,8.2,Yes
384,8.4,12.6,White,Pointed,10.1,Yes
349,2.6,7.5,Blond,Pointed,7.9,No
383,9.6,13.4,Cinnamon,Pointed,11.6,Yes
263,4.1,13,Light Brown,Rounded,9.1,Yes
339,1.1,10.5,Cinnamon,Pointed,9.8,No
227,3.2,11.2,Blond,Rounded,8.6,No
308,8.8,11.7,Cinnamon,Broad,10.9,Yes
495,7.8,14.4,Black,Broad,6.1,Yes
446,8.8,14.6,Black,Broad,8.2,Yes
327,7.6,12.5,Cinnamon,Rounded,9.5,Yes
225,9.3,9.2,Cinnamon,Broad,8,Yes
359,1.3,16.5,Light Brown,Pointed,8.5,No
347,9.5,11.5,Blond,Broad,10.9,No
311,1.7,11.7,Black,Rounded,9.5,Yes
355,5.8,15.4,Black,Rounded,10.4,Yes
369,8.1,14.3,Black,Broad,10.2,Yes
366,5.1,16,Light Brown,Broad,8.5,No
304,3.8,9.8,Blond,Broad,8.1,No
224,4.5,11.8,Black,Broad,9.9,Yes
237,9.6,9,Light Brown,Pointed,8.9,No
227,7.5,17.8,Black,Pointed,10.6,Yes
391,9.1,16.1,Black,Rounded,11.7,Yes
260,3.8,10.7,Light Brown,Pointed,8.8,No
415,9.4,13.8,Black,Rounded,10.2,Yes
401,9.9,11,Cinnamon,Broad,11.3,Yes
478,4.6,11.6,White,Rounded,9,Yes
240,2.2,7.3,White,Rounded,9,No
325,5.9,13.6,White,Rounded,11.7,Yes
421,5.8,9.5,Cinnamon,Rounded,10.8,Yes
362,7,9,White,Rounded,8.3,Yes
321,2.1,9.5,Light Brown,Pointed,6.7,No
243,5.3,7.1,Light Brown,Broad,5.1,No
467,4.1,17.4,White,Rounded,7.6,Yes
233,7.6,16.8,Blond,Rounded,7,No
418,9.7,18,Cinnamon,Rounded,8.9,Yes
203,4.8,12.8,Blond,Broad,9.4,No
454,5.2,10.9,Blond,Rounded,7.9,No
294,1.1,9,Light Brown,Broad,9.3,No
379,6.5,11.4,Black,Broad,8.3,Yes
325,4.2,11.7,Dark Brown,Broad,6.5,No
326,9,12,White,Rounded,8.1,Yes
217,9.1,10,Dark Brown,Rounded,8.4,Yes
326,1.7,8,Dark Brown,Pointed,6.3,No
285,2,12,Dark Brown,Pointed,7.5,No
284,4.5,14.8,Light Brown,Pointed,8.3,No
351,2.7,11.4,Light Brown,Broad,7.5,No
342,5.7,16.4,Black,Broad,11.2,Yes
367,7.6,15.6,White,Rounded,6.2,Yes
342,4.8,17.1,Black,Broad,10.7,Yes
253,4.1,11.8,Light Brown,Pointed,7.6,No
442,6.3,11.5,Cinnamon,Broad,9.3,Yes
307,7.6,11.1,Black,Broad,9.7,Yes
244,3.8,8.5,Light Brown,Broad,6.2,No
309,2.8,16.6,Cinnamon,Broad,5.3,Yes
310,8.7,16.7,White,Broad,10.6,Yes
409,7.1,16,Dark Brown,Rounded,10.1,Yes
244,3.3,12.9,Cinnamon,Pointed,8.7,No
283,4.2,8.5,Blond,Pointed,5.9,No
375,2.2,16,Cinnamon,Rounded,9.8,Yes
360,4.7,11.8,Light Brown,Pointed,10.6,No
318,4.4,16,Cinnamon,Pointed,11.2,Yes
305,3.8,12.2,Dark Brown,Broad,8.3,No
207,2.5,12.5,Black,Pointed,8.3,No
308,4.1,17.5,White,Broad,9.3,Yes
287,1.4,7.1,Light Brown,Pointed,9.5,No
337,8.8,13.9,White,Broad,11.3,Yes
339,1.5,8.5,Dark Brown,Broad,8,No
319,2.4,7.4,Blond,Pointed,5.3,No
405,9.6,14.1,White,Rounded,11.9,Yes
292,2.3,11,Black,Broad,9,No
467,9.3,16.9,Cinnamon,Broad,9,Yes
348,1.4,7.6,Light Brown,Pointed,5,No
357,5.1,17.6,Black,Broad,8.3,Yes
471,3.1,9,Dark Brown,Broad,7,No
323,6.5,17.9,Black,Broad,11.6,Yes
332,3.5,16.7,Blond,Pointed,9.8,No
475,7,15.2,Black,Broad,5.3,Yes
243,1.5,11,Dark Brown,Pointed,6,No
217,1.8,12.8,Light Brown,Broad,8.4,No
484,9.1,14.1,Cinnamon,Broad,10.3,Yes
307,5,9.2,Light Brown,Pointed,11.3,No
396,4.5,13.2,White,Rounded,7.7,Yes
406,1.6,7.1,White,Pointed,10.6,No
407,6.9,13,Black,Rounded,11,Yes
353,4.8,13.8,Cinnamon,Rounded,9.7,Yes
252,3.2,11.1,Dark Brown,Pointed,8.1,No
495,7.2,8.4,Dark Brown,Pointed,10,No
211,6,12.2,Blond,Broad,7.9,No
257,5.2,10.1,Light Brown,Pointed,8.5,No
209,3.2,13,Dark Brown,Broad,10.2,No
426,3.6,11.5,Dark Brown,Rounded,11.8,Yes
435,1.3,14.5,Light Brown,Broad,8.4,No
273,5.5,11,Cinnamon,Broad,6.1,No
260,2.3,9.4,Light Brown,Broad,8.3,No
281,9.7,8.3,Dark Brown,Broad,5.5,No
376,1.2,10.1,Blond,Broad,7.7,No
354,4.5,13.1,White,Rounded,8.7,Yes
203,5.2,12.7,Blond,Broad,8.6,No
234,3.6,12.3,White,Pointed,11.3,Yes
453,4.8,11.9,Black,Rounded,8.1,Yes
391,8.4,16.1,Cinnamon,Rounded,10.4,Yes
326,6.5,16.7,White,Rounded,9.2,Yes
388,3.2,8,Black,Rounded,10.7,Yes
413,4.5,12.5,White,Broad,10.1,Yes
235,4.4,9.1,Dark Brown,Pointed,6.6,No
406,4.3,17.3,Blond,Pointed,11.8,No
369,9,12.7,White,Broad,9.7,Yes
497,3.8,9.5,Blond,Pointed,6,No
396,3.7,17.1,Cinnamon,Broad,8.8,Yes
209,4.3,16.1,Dark Brown,Broad,9.2,No
268,1.3,8.5,Light Brown,Broad,7,No
337,7.5,11.1,Black,Rounded,9.3,Yes
242,5.3,11.2,Blond,Pointed,11.7,No
294,3.3,8.6,Dark Brown,Broad,6.9,No
309,5.3,9.6,Blond,Rounded,8.9,No
434,4.4,15.1,White,Rounded,11.2,Yes
269,5.4,12,Dark Brown,Pointed,6.2,No
209,2.1,12.6,Light Brown,Pointed,5.4,No
269,4.8,8.8,White,Rounded,9,Yes
430,10,14.1,White,Pointed,7.5,Yes
337,10,16.8,Light Brown,Pointed,9.9,No
275,4.6,15.2,Dark Brown,Broad,6.8,No
314,4.5,10.5,Black,Rounded,10.6,Yes
356,4.4,9,Blond,Pointed,9.2,No
332,1,10.2,Dark Brown,Pointed,5.1,No
404,4.1,9.5,Blond,Rounded,5.4,No
418,1.5,15.1,Black,Broad,9.5,Yes
277,1,11.5,Blond,Pointed,9.4,No
496,4.2,11,Black,Rounded,10.8,Yes
475,8.6,11.9,Black,Broad,11.8,Yes
286,4.2,16.9,Cinnamon,Broad,12,Yes
319,8.9,15.2,Cinnamon,Rounded,11.2,Yes
307,4.3,7.1,Light Brown,Broad,9,No
417,9.9,12.4,Dark Brown,Pointed,7.6,No
475,8.6,14,Cinnamon,Broad,11,Yes
426,2.3,12.8,Cinnamon,Rounded,11.4,Yes
328,2.7,15.5,Light Brown,Rounded,9.6,Yes
435,4.6,15.4,Cinnamon,Rounded,8.3,Yes
346,3.5,17.7,Cinnamon,Rounded,11.9,Yes
218,3.7,8.6,Light Brown,Broad,5.1,No
292,7.8,11.1,Cinnamon,Broad,10.2,Yes
488,6.8,7.5,Black,Broad,11,Yes
237,9.8,7.8,Blond,Broad,7.7,No
421,8.6,16.5,Cinnamon,Rounded,10.4,Yes
342,8.9,17.1,Cinnamon,Rounded,11.5,Yes
284,7.5,15.3,White,Broad,10.7,Yes
471,9.1,12,White,Broad,9,Yes
290,1.4,13,Light Brown,Pointed,7.4,No
362,4.3,10.1,Dark Brown,Pointed,6,No
384,2.1,12.6,Light Brown,Broad,9.6,No
372,5,11.5,Dark Brown,Pointed,9.7,No
230,4,11.4,Blond,Broad,11.3,No
204,3.3,8.8,Cinnamon,Pointed,6.8,No
397,1.8,16.5,White,Broad,9.4,Yes
394,7.7,15.8,Cinnamon,Broad,8.6,Yes
378,9.6,17.2,Black,Rounded,11.9,Yes
309,1.2,12.4,Light Brown,Pointed,5.3,No
273,1.9,11.2,Light Brown,Pointed,8.4,No
334,7.4,18,Cinnamon,Rounded,9.7,Yes
361,7.8,17,White,Rounded,9.1,Yes
258,4.3,12.2,Blond,Broad,9.9,No
325,2.4,9.9,Light Brown,Pointed,6.2,No
367,6.5,11.9,Cinnamon,Rounded,9.4,Yes
424,5.6,17.4,Light Brown,Rounded,9.5,Yes
283,2.5,12.1,Blond,Broad,11.7,No
466,9.6,11.6,Cinnamon,Broad,9.5,Yes
321,6.7,12.6,Cinnamon,Broad,8,Yes
351,7.3,13,Black,Broad,11.6,Yes
500,7.1,15.4,Cinnamon,Rounded,9,Yes
375,8.1,13.1,White,Rounded,5.4,Yes
205,2.5,9.3,Blond,Pointed,11.8,No
278,9,9.3,Blond,Broad,5.4,No
301,4.1,9.4,Black,Rounded,11.5,Yes
278,8.4,11.3,Blond,Pointed,6.6,No
296,7.7,7.7,Blond,Pointed,6.8,No
472,7.9,7.6,Light Brown,Broad,9.5,Yes
238,4.1,15.5,White,Rounded,9.2,No
398,9.6,16.4,Black,Broad,10.5,Yes
318,6.2,13.3,Black,Rounded,7.5,Yes
269,3,7.5,Dark Brown,Broad,10.8,No
302,3.9,14.4,Black,Broad,8.6,Yes
337,9.5,17,White,Pointed,6.8,Yes
350,9.6,16.8,White,Pointed,10.7,Yes
262,4,14.5,White,Pointed,7.6,No
338,2.8,11.9,Light Brown,Pointed,5.3,No
241,3.4,12.5,Light Brown,Pointed,7.9,No
333,2.1,16.2,Dark Brown,Broad,6.4,No
233,1.4,9.2,Light Brown,Pointed,8.9,No
267,9.2,18,Cinnamon,Rounded,10.2,Yes
234,4.3,15,Dark Brown,Pointed,6.8,No
327,6.5,11.8,Dark Brown,Rounded,8.1,Yes
338,6.3,17.8,Blond,Rounded,11,Yes
372,5.4,16.7,Cinnamon,Rounded,11.5,Yes
317,2.4,7,Dark Brown,Broad,8.1,No
402,9.7,15,Black,Rounded,9.8,Yes
318,1.1,11.7,Black,Broad,11.8,Yes
327,4.4,17.9,Black,Broad,7.4,Yes
279,2.6,11.5,Light Brown,Broad,9.8,No
385,5,10.5,Light Brown,Pointed,11.6,No
344,5.8,11.6,Light Brown,Broad,9.8,Yes
488,4.2,10,Black,Rounded,9.3,Yes
437,4.8,15.7,Black,Rounded,9.5,Yes
345,8.7,12,Light Brown,Broad,9.9,Yes
399,5.9,11.8,Black,Broad,5.2,Yes
362,4.6,17.9,White,Broad,8.8,Yes
413,6.2,11.5,Blond,Broad,9.7,Yes
493,6.5,17.3,Black,Rounded,8,Yes
356,7.5,11,Cinnamon,Rounded,8,Yes
342,7.8,11.4,White,Rounded,9.9,Yes
368,3.8,11.2,Light Brown,Broad,6.6,No
345,5.2,12.3,Blond,Pointed,9,No
315,6,12.4,Cinnamon,Broad,10.4,Yes
391,7.5,11.5,Cinnamon,Broad,10,Yes
203,1.6,11.7,Dark Brown,Pointed,5.2,No
333,5.3,11.1,Blond,Pointed,6.7,No
436,9.1,11.2,Cinnamon,Broad,9.6,Yes
335,3.7,11.1,Blond,Broad,10.3,No
291,3.2,11.5,Blond,Pointed,5.5,No
330,6.6,14.6,White,Rounded,9.8,Yes
313,1.8,8.4,Blond,Pointed,6.3,No
325,3.6,12.8,Light Brown,Broad,9.2,No
218,4.3,14,White,Broad,9.5,Yes
333,5.3,11.7,Dark Brown,Broad,8.7,No
424,1.1,11.5,Light Brown,Pointed,6.9,No
307,1.1,8,Light Brown,Pointed,8.7,No
352,7.2,12.5,Cinnamon,Broad,11.2,Yes
397,4,14,White,Broad,8.3,Yes
238,2.1,14.8,Light Brown,Pointed,11.2,No
398,2.7,10.5,Blond,Broad,10.5,No
242,3.4,8.4,Light Brown,Pointed,7.4,No
315,1.7,11.4,Dark Brown,Pointed,8,No
274,5.4,10.3,Blond,Rounded,7.9,No
221,2.1,7.4,Blond,Pointed,9.3,No
280,2.8,9.7,Light Brown,Pointed,8.5,No
211,5,9.9,Dark Brown,Pointed,8.6,No
235,5.3,11.5,Blond,Pointed,7.1,No
362,4.1,14.2,Black,Broad,10.4,Yes
218,4.8,12.9,Light Brown,Broad,9.8,No
230,3.8,8.6,Blond,Pointed,8.7,No
462,9.6,17.6,Cinnamon,Pointed,9.3,Yes
277,1.4,8.8,Dark Brown,Pointed,5.7,No
450,6.7,14.8,Black,Broad,8.2,Yes
225,2,10.5,Blond,Broad,6.7,No
309,3,14.9,Blond,Pointed,6.3,No
453,7.1,12,Cinnamon,Rounded,10.4,Yes
303,1.1,10.5,Light Brown,Pointed,9,No
249,5.4,12.6,Dark Brown,Pointed,6.6,No
307,5.3,12,White,Rounded,11.5,Yes
313,3.3,9.2,Light Brown,Pointed,8,No
205,3.1,15.6,Light Brown,Broad,6.2,No
296,3.6,12.4,Blond,Pointed,9.2,No
319,3.3,11.6,White,Pointed,8.2,No
377,4.1,15.6,Black,Rounded,8.3,Yes
319,4,10.7,Blond,Pointed,11,No
319,9.2,11,White,Rounded,10.9,Yes
380,6.6,11.3,Cinnamon,Broad,7.9,Yes
374,7.3,16.6,Cinnamon,Rounded,8.8,Yes
496,7.3,12.5,Black,Broad,10.1,Yes
300,1.1,13.3,Light Brown,Pointed,5.4,No
405,8.6,13.9,Black,Broad,11.3,Yes
358,4.5,9.6,White,Rounded,9.8,Yes
310,3.9,12.8,Dark Brown,Broad,10.9,No
317,4.4,15,Dark Brown,Pointed,7.8,No
402,7.5,16.1,Black,Rounded,8.6,Yes
259,6.5,9.8,Blond,Broad,8.1,No
256,10,9.4,Dark Brown,Broad,5,No
308,7.2,12.7,Light Brown,Rounded,8.5,No
298,1.1,11.6,Blond,Rounded,8,No
240,9.8,14.5,Cinnamon,Broad,10.4,Yes
237,1.2,12.1,Blond,Broad,8.7,No
305,5,11.4,Light Brown,Broad,6.4,No
314,1,13,White,Rounded,8.7,Yes
270,7.8,9.8,Blond,Pointed,9.1,No
347,3.7,7.4,Light Brown,Broad,6.3,No
429,5,15.4,White,Broad,10.2,Yes
421,2.5,9.1,Dark Brown,Pointed,9.8,No
316,7.7,14.8,White,Broad,12,Yes
493,1.1,15.8,Cinnamon,Rounded,10.2,Yes
381,1.6,17.4,White,Broad,10.4,Yes
312,5.2,15.1,Cinnamon,Rounded,9.5,Yes
201,5.3,14.1,Light Brown,Pointed,5,No
426,7.5,16.7,Cinnamon,Broad,11.5,Yes
234,4.8,16.1,Cinnamon,Rounded,9.9,Yes
276,3,11.9,Blond,Broad,7.5,No
250,5.5,11.4,Light Brown,Rounded,8.8,No
330,4.4,14.6,Light Brown,Pointed,7.5,No
221,4,13.7,White,Rounded,8.3,Yes
499,2.8,13.2,Black,Rounded,11.1,Yes
361,7.1,15.5,Blond,Rounded,8.9,Yes
412,6.3,11.1,Cinnamon,Broad,7.9,No
332,8,12.9,Cinnamon,Rounded,10.2,Yes
267,2.7,8.6,Light Brown,Broad,9.9,No
289,9.3,11.2,Dark Brown,Broad,7.7,No
362,4.5,15.7,White,Rounded,8.1,Yes
277,4.3,7.3,Dark Brown,Broad,8.9,No
497,3.7,15.2,Dark Brown,Broad,10.1,Yes
476,3.2,12.5,Dark Brown,Broad,8,No
228,5,10,Dark Brown,Broad,8.4,No
360,4.9,17.8,Black,Rounded,9.2,Yes
208,4.5,11.3,Blond,Broad,5.6,No
229,5.6,9.4,Light Brown,Broad,8,Yes
311,2.2,12.4,Blond,Pointed,11,No
361,5.1,11.6,White,Broad,10.6,Yes
387,3.2,13.8,Blond,Rounded,9.1,Yes
293,2.6,11.1,Dark Brown,Broad,7.9,No
379,9.6,12.5,Blond,Rounded,5.3,No
427,9.2,11.1,Blond,Rounded,10.5,Yes
328,4.7,13.2,Black,Broad,10.5,Yes
353,4.7,17.3,White,Broad,9.3,Yes
354,5.2,14.9,White,Rounded,11.7,Yes
308,7.5,11.1,Dark Brown,Broad,8.3,No
310,3.9,14.3,Blond,Broad,11.4,No
300,1.9,13.5,Dark Brown,Broad,7.5,No
395,2.6,12.8,Cinnamon,Rounded,7.2,Yes
399,8.7,15.3,Cinnamon,Pointed,9.7,Yes
223,4.5,8.8,Blond,Broad,9,No
250,7.3,12.5,Blond,Pointed,9.3,No
387,9.6,13.9,White,Rounded,8.2,Yes
438,4.4,10.5,Blond,Broad,10,No
451,6.2,9.3,Cinnamon,Rounded,11.8,Yes
371,7.9,13.5,White,Rounded,11.1,Yes
310,1.8,8.8,Dark Brown,Broad,5.9,No
235,4.1,12.3,Light Brown,Broad,8.1,No
273,4.1,7.4,Light Brown,Rounded,8.9,No
321,9.5,9,Black,Broad,9.2,Yes
466,2.3,12.6,Light Brown,Broad,10.3,No
218,9.3,12.6,Black,Broad,8,Yes
306,9.3,17.6,White,Rounded,8.6,Yes
319,5,11.3,Dark Brown,Pointed,5.3,No
226,5.5,12.9,Dark Brown,Pointed,9.8,No
295,2.7,9.6,Light Brown,Pointed,10.3,No
336,1.7,8.5,Light Brown,Broad,7.5,No
467,6.9,12.6,Black,Broad,9.6,Yes
326,4.7,14.4,Black,Broad,8.5,No
288,4.6,16.5,White,Broad,10.6,Yes
313,5.3,8,Dark Brown,Broad,11.1,No
397,4.7,15.7,Black,Rounded,8.7,Yes
424,3.4,9,Light Brown,Broad,8.9,No
304,8.6,12.9,White,Broad,10.6,Yes
401,4.5,14.8,Blond,Rounded,5.6,Yes
329,5.6,14.8,White,Broad,12,Yes
356,2,10.5,Cinnamon,Rounded,10.4,Yes
308,7.4,17,White,Rounded,11.8,Yes
328,1.3,8,Dark Brown,Broad,5.7,No
307,2.6,8.4,Light Brown,Pointed,10,No
330,9.5,12.6,Cinnamon,Broad,9.5,Yes
460,8,11.5,Dark Brown,Rounded,9.4,Yes
393,8.3,13.9,Black,Broad,8.5,Yes
240,8,13.3,Blond,Broad,6.1,No
451,9,7.7,Cinnamon,Rounded,11,Yes
203,2.3,9,Light Brown,Broad,5.4,No
335,2.8,11.4,White,Broad,10.1,Yes
369,8.5,11.1,White,Broad,11.7,Yes
386,5,13.8,Black,Rounded,9.4,Yes
280,4.3,11.4,Light Brown,Rounded,7,No
298,4,11,Dark Brown,Pointed,5.9,No
246,2.2,13,Light Brown,Broad,9.3,No
414,9.1,7.3,Blond,Pointed,8.2,No
480,6.4,11.1,Cinnamon,Rounded,8,Yes
310,3.5,8.3,Blond,Broad,5.7,No
322,2.4,7.6,Dark Brown,Pointed,9.7,No
385,6.9,10,Black,Broad,8.3,Yes
245,3.6,7.8,Light Brown,Broad,5.1,No
282,2.6,8.1,Blond,Rounded,9.5,No
208,5.8,12.9,Blond,Broad,7.8,No
233,3.1,14.5,Dark Brown,Broad,5.1,No
232,2.5,9.8,Light Brown,Broad,8.4,No
382,8.7,16.4,Cinnamon,Broad,6.3,Yes
318,2.9,11.2,Black,Broad,8,Yes
304,4.8,8.4,White,Pointed,9.5,No
478,7.7,13.3,Black,Broad,11.8,Yes
345,6.2,7.1,Black,Rounded,10.9,Yes
330,1.8,11.9,Light Brown,Broad,8.5,No
319,5.2,12.8,Black,Broad,8.5,Yes
300,5.2,8.5,Dark Brown,Pointed,9.3,No
297,7.6,8,Light Brown,Broad,8.7,No
352,1.3,14.4,Cinnamon,Broad,8.7,Yes
401,5.3,12.8,White,Rounded,9.7,Yes
474,8,17.9,White,Broad,8.9,Yes
335,2.9,7.2,Black,Broad,7.8,No
356,7.2,16,Black,Rounded,8.2,Yes
450,4.9,14.3,Cinnamon,Rounded,9.5,Yes
222,1.5,7.8,Black,Pointed,9.8,No
352,5.9,14.9,Cinnamon,Broad,8,Yes
367,4.8,7.8,Cinnamon,Rounded,9.2,Yes
496,8.6,9,Cinnamon,Rounded,9.8,Yes
420,8.5,12,Black,Rounded,10.6,Yes
454,9.6,15.4,White,Rounded,9.1,Yes
425,5.3,12.3,Black,Rounded,9.8,Yes
283,3.9,9.6,Dark Brown,Broad,11.7,No
338,9.6,13.9,White,Broad,8.7,Yes
340,8.3,11.8,Dark Brown,Pointed,9.9,No
317,3.9,11.8,Black,Rounded,9.4,Yes
452,8.8,14.8,White,Rounded,11.7,Yes
381,8.5,14.8,Cinnamon,Broad,10.8,Yes
350,3.2,11.4,Blond,Broad,5.3,No
261,4.5,13,Dark Brown,Broad,7.2,No
349,1.1,10.7,Light Brown,Broad,5.9,No
397,4,11,Dark Brown,Rounded,10.5,Yes
225,5.4,11.5,Blond,Broad,7.8,No
345,3.6,11.7,White,Rounded,9.7,Yes
426,5.9,16.5,Cinnamon,Broad,8.1,Yes
401,5.1,16.1,Light Brown,Broad,9,Yes
260,7.9,13.4,Light Brown,Pointed,8.3,No
302,3.7,9.5,Light Brown,Broad,5.6,No
353,1.2,11.9,Blond,Pointed,6.8,No
337,1.3,11.8,Light Brown,Pointed,5.6,No
223,5.4,15.2,Dark Brown,Broad,9.1,No
454,8.5,14.9,White,Broad,11.1,Yes
236,7.3,8.6,Light Brown,Rounded,9.5,No
442,7.5,7.8,Black,Rounded,10.2,Yes
209,1.5,9.7,Blond,Broad,5.1,No
358,6.8,11.5,White,Broad,9,Yes
491,6,17,Cinnamon,Rounded,6.8,Yes
448,5.8,13.8,Cinnamon,Broad,10.9,Yes
498,1.3,9.9,Light Brown,Broad,9.8,No
271,2.7,11.2,Dark Brown,Broad,8.3,No
366,7.6,14.7,Black,Broad,8.8,Yes
469,7.6,14.9,White,Broad,8.9,Yes
227,4,10.7,Light Brown,Broad,7.1,No
438,4.3,15.9,Cinnamon,Broad,9.9,Yes
232,1.2,12.9,Cinnamon,Pointed,6.8,No
446,3.8,14.8,White,Rounded,9.9,Yes
232,5.6,10.7,White,Pointed,9.3,No
371,6.6,15,White,Broad,11.4,Yes
459,5.1,12.6,Black,Rounded,8.1,Yes
355,6.1,11.2,Black,Rounded,5.5,Yes
454,5.4,11,White,Broad,5.7,Yes
385,2.6,17.7,White,Pointed,11.1,Yes
385,9.5,11,Cinnamon,Broad,8,Yes
327,7.8,12.8,Black,Broad,9.2,Yes
336,6.4,7.3,Dark Brown,Rounded,6.3,No
275,5.9,17,White,Broad,9.5,Yes
249,3.1,17.6,Light Brown,Pointed,9,No
343,8.1,11.8,Black,Broad,9,Yes
331,3.2,11.7,Blond,Broad,9.1,No
480,3.3,10.1,Dark Brown,Pointed,8,No
299,5,12.8,Black,Rounded,10.3,Yes
314,9.8,14.1,Black,Rounded,11.9,Yes
206,7.1,11,Black,Rounded,8.7,Yes
248,1.7,11.4,Dark Brown,Pointed,5.7,No
255,6.4,12.7,Cinnamon,Pointed,6.6,No
331,1.4,8,Light Brown,Broad,9.8,No
350,4,9.1,Light Brown,Rounded,9.6,No
215,2.9,9.2,Dark Brown,Rounded,6.6,No
305,4,17.9,White,Rounded,11.1,Yes
316,9.8,10.7,Light Brown,Pointed,8.6,No
212,8.6,12.1,White,Broad,10.9,Yes
336,2.1,11,Light Brown,Pointed,9.3,No
205,9.7,13.9,White,Rounded,11.9,Yes
499,7.4,12.5,Cinnamon,Broad,9.1,Yes
296,3.9,12.7,Light Brown,Pointed,6.1,No
450,9.4,15.1,Black,Rounded,10.8,Yes
380,2.6,13.7,Black,Rounded,11.3,Yes
268,6.6,13.1,Cinnamon,Pointed,9.1,Yes
358,4.4,16.1,Light Brown,Pointed,5.8,No
424,3,16.6,Light Brown,Broad,10,No
332,5.2,16.4,Black,Rounded,8,Yes
373,7.6,14.7,Black,Broad,8.1,Yes
251,8.3,13.9,White,Rounded,11.3,Yes
349,5.1,8,Light Brown,Broad,9.1,No
425,5.6,15.8,Black,Broad,8.5,Yes
317,4.1,10.9,Light Brown,Broad,8.9,No
308,1.4,12.6,Blond,Pointed,10.8,No
313,4.5,7.6,Light Brown,Pointed,6.4,No
295,5.1,15,Black,Rounded,10.7,Yes
427,7.1,13.1,White,Rounded,11.9,Yes
327,2.1,13.3,White,Rounded,10.8,Yes
342,4,15.6,Dark Brown,Rounded,7.8,No
412,4.5,10.9,White,Pointed,9.7,Yes
369,9.4,12.9,Black,Broad,8.9,Yes
449,8.4,7,White,Rounded,8.9,Yes
213,4.4,16.4,White,Broad,9.2,No
338,5.5,17.1,Light Brown,Rounded,7.4,No
395,9.7,15.1,Black,Rounded,8.6,Yes
285,1.1,11.2,Blond,Broad,7.2,No
340,9.7,18,Cinnamon,Rounded,10.9,Yes
373,6.8,12.2,Blond,Pointed,9.5,No
363,1.2,17.9,Black,Broad,11.2,Yes
368,5,17.6,Cinnamon,Rounded,11.3,Yes
315,9.4,16.7,Blond,Broad,8.8,No
481,3.8,11.3,Cinnamon,Pointed,6.3,No
401,7.9,9.3,Black,Broad,9.2,Yes
347,1.6,12.1,Light Brown,Pointed,9.7,No
319,1.8,11.9,Light Brown,Pointed,6.6,No
239,5.2,11.2,Light Brown,Pointed,8.2,No
332,4.6,7,Dark Brown,Broad,5.1,No
326,8.3,16.8,Blond,Rounded,8,Yes
458,2.3,13.6,Dark Brown,Pointed,9,No
230,2.9,12.5,Light Brown,Pointed,6.1,No
272,3.3,13.6,Dark Brown,Broad,8.9,No
258,3.4,11.2,White,Pointed,9,No
495,2,16.3,Dark Brown,Broad,11.1,Yes
426,6.1,14.2,Dark Brown,Pointed,10.1,No
443,1.6,11,Light Brown,Pointed,8.8,No
312,1.5,11.6,White,Broad,8.2,Yes
488,1.6,13.8,White,Rounded,9.8,Yes
369,1.3,8.3,Light Brown,Broad,5.3,No
270,1.7,11.9,Light Brown,Broad,6.6,No
317,6.3,14.7,Cinnamon,Rounded,9.8,Yes
210,4.4,9.2,Cinnamon,Rounded,10.1,Yes
342,9.8,16.4,White,Pointed,9.8,Yes
279,3.7,10.2,Light Brown,Pointed,6,No
289,2.3,8.8,Dark Brown,Broad,8.4,No
311,6.2,10.5,Black,Broad,8.3,Yes
273,1.7,14.4,Dark Brown,Pointed,9,No
311,1.7,12.8,Light Brown,Broad,7.7,No
343,3,12.3,Blond,Broad,9.9,No
268,3.6,12.2,Black,Rounded,8,No
314,2,14.1,Blond,Pointed,9.3,No
207,1.5,11.8,Blond,Pointed,5.8,No
301,1.9,14.1,Light Brown,Pointed,6.8,No
499,5.9,16.3,Cinnamon,Rounded,8.7,Yes
339,2.5,8.2,Blond,Broad,6.6,No
281,6.8,12,White,Rounded,9.5,Yes
366,4.4,16.3,Blond,Pointed,9.3,No
350,2.7,11.6,Light Brown,Pointed,8,No
307,1.2,12.3,Cinnamon,Rounded,9.3,No
246,2.8,12.7,Blond,Broad,9.5,No
223,9.6,15.1,Cinnamon,Rounded,11.7,Yes
383,7.8,12.2,Black,Broad,5.7,Yes
485,4.1,9.5,Cinnamon,Pointed,8.2,Yes
346,4.3,14.7,White,Rounded,7.7,Yes
350,9.3,13.3,Black,Rounded,8.8,Yes
500,5.7,15.6,White,Broad,9.1,Yes
332,5.4,16.7,Blond,Rounded,10.6,No
227,4,7,Dark Brown,Pointed,9.8,No
331,1.4,16.4,Cinnamon,Rounded,6.4,Yes
242,7.2,17.1,Black,Broad,11.9,Yes
309,5.3,8.6,Light Brown,Broad,9.6,No
358,4.5,13.4,Cinnamon,Pointed,9.5,Yes
306,6.1,8.3,Light Brown,Rounded,8,No
385,5,15.8,Cinnamon,Broad,11.6,Yes
207,1.9,7.2,Blond,Broad,5.5,No
358,6.7,12.5,Cinnamon,Pointed,7.3,Yes
215,1.7,7.9,Blond,Broad,6.1,No
336,4.5,7.7,Dark Brown,Broad,5.1,No
217,3.7,8.5,Dark Brown,Broad,7.6,No
419,9.1,15.9,White,Pointed,8.5,Yes
373,4.8,9.7,White,Rounded,8.7,Yes
416,4.2,8.7,White,Rounded,8.7,Yes
440,3.7,11.5,Cinnamon,Rounded,7.3,Yes
277,3.5,16.4,Dark Brown,Broad,5.7,No
347,5.1,10,Light Brown,Broad,6.2,No
378,7.6,16.1,Cinnamon,Broad,9.2,Yes
420,8.8,12.7,Black,Broad,11.7,Yes
278,4,9.1,Dark Brown,Pointed,9.6,No
350,9.6,17.9,Cinnamon,Broad,9.9,Yes
263,7.9,13.3,Cinnamon,Broad,10.5,Yes
479,4.6,14.9,Cinnamon,Rounded,9.2,Yes
331,4.3,14.1,Black,Broad,9.1,Yes
277,8.2,14.8,Cinnamon,Rounded,11.6,Yes
312,1.4,12.6,Cinnamon,Pointed,8.5,No
347,7,15.9,Cinnamon,Broad,10,Yes
314,8.1,10.1,White,Broad,10.8,Yes
422,4.2,8.5,Dark Brown,Broad,6.1,No
340,3.6,16.3,Cinnamon,Rounded,9.2,No
273,5.2,10.1,Dark Brown,Pointed,10,No
267,3.5,7.6,Light Brown,Pointed,6,No
256,4.7,10.7,Dark Brown,Pointed,11.8,No
378,8.9,12.5,Cinnamon,Rounded,10.7,Yes
217,2,9.4,Dark Brown,Pointed,9.8,No
386,1.2,13,Black,Broad,12,Yes
277,7.7,9.3,Light Brown,Pointed,6.2,No
370,8.8,7.7,Cinnamon,Broad,8.7,Yes
337,2.2,11.1,Dark Brown,Pointed,8.1,No
405,8.7,13.3,Black,Pointed,8.3,Yes
335,5,12.9,Blond,Rounded,8.6,No
362,4.7,18,White,Rounded,11.7,Yes
201,2,11.2,Light Brown,Broad,5.1,No
206,1.6,9.1,Light Brown,Pointed,7.1,No
402,4,16,White,Broad,9.5,Yes
426,4.5,13.6,Black,Broad,5.5,Yes
267,4.9,16.1,Dark Brown,Broad,6.6,No
349,2.6,11.4,White,Rounded,8.6,Yes
496,3.4,11.1,Black,Rounded,11.1,Yes
329,2.9,10.9,White,Pointed,10.7,No
208,5,14,Cinnamon,Broad,9.7,Yes
302,5.4,16,Black,Broad,11,Yes
201,6.7,11.7,Light Brown,Pointed,9.8,No
435,9.9,7.4,Dark Brown,Broad,8.1,No
404,3.9,15.4,Dark Brown,Pointed,5.1,No
491,3.3,17,Black,Broad,9.2,Yes
218,5.3,8.9,Light Brown,Pointed,11.3,No
414,4.4,10.3,Cinnamon,Broad,9,Yes
257,5.1,10.3,Dark Brown,Broad,8.9,No
433,1.1,17.4,Cinnamon,Broad,8.9,Yes
308,4.9,11,Blond,Pointed,9.5,No
453,7.4,15.9,Black,Rounded,11.5,Yes
217,5.2,12.3,Blond,Pointed,9.2,No
200,2.8,7.6,Light Brown,Pointed,6,No
303,4.7,17.7,Black,Broad,10.6,Yes
339,5,15.7,White,Rounded,10.3,Yes
495,3,17.8,Black,Broad,8.7,Yes
277,8.4,13.5,White,Rounded,8.9,Yes
357,3.1,13.2,Black,Rounded,8.9,Yes
391,9.3,12,White,Pointed,11.9,Yes
273,6.6,17.1,Light Brown,Pointed,9.7,No
234,4.5,8.7,Blond,Broad,9.1,No
436,5.1,14.7,Cinnamon,Rounded,9.6,Yes
399,9.7,8.7,White,Rounded,11.3,Yes
473,8.2,13.1,White,Pointed,9,Yes
221,2.3,12.3,Blond,Broad,8.3,No
315,4.9,16.5,Light Brown,Broad,8.9,No
498,3.7,14.8,Black,Broad,8.8,Yes
310,5.9,16.1,White,Rounded,10.6,Yes
229,8.4,11.3,Cinnamon,Rounded,10.9,Yes
428,8.9,10.3,Light Brown,Broad,6.9,No
210,4,15.9,Blond,Pointed,6.9,No
373,3.9,16.5,White,Pointed,8.3,Yes
265,4.3,11,Dark Brown,Pointed,9.7,No
432,4.3,13.4,White,Broad,10.9,Yes
298,4.5,12.8,Light Brown,Pointed,8,No
239,2.5,8.5,Blond,Pointed,10.3,No
267,2.2,10.1,Light Brown,Broad,6.5,No
498,4.2,10.6,Dark Brown,Broad,5,No
308,4.1,11.4,Light Brown,Pointed,6.8,No
316,1.6,9.1,Dark Brown,Broad,7.3,No
431,6.5,10.8,Light Brown,Pointed,9.7,No
225,2.8,8,Light Brown,Pointed,5,No
348,5.9,11.8,Black,Broad,11.1,Yes
466,4.3,12.8,Cinnamon,Pointed,8.1,Yes
218,4.4,9.5,Blond,Rounded,9.6,No
307,4.2,8.1,Blond,Broad,8.9,No
350,5.5,13.5,Black,Broad,6.8,Yes
390,6.6,7.3,Black,Broad,11.4,Yes
483,9.8,13.9,White,Broad,7.4,Yes
396,4.3,12.2,Cinnamon,Pointed,8.4,Yes
303,4,10.7,Blond,Broad,8.7,No
255,2.4,10.6,Light Brown,Pointed,9.7,No
467,7.3,9.4,White,Broad,11.6,Yes
234,6.2,13.8,Cinnamon,Broad,8.8,Yes
404,4.3,12,Black,Rounded,9.2,Yes
200,4.7,10.9,Blond,Pointed,9.6,No
236,4.1,12.2,Dark Brown,Pointed,7.5,No
323,9.7,10,Black,Rounded,7.7,Yes
246,1.4,11.8,Blond,Broad,10,No
399,7.7,11.8,Dark Brown,Pointed,9.9,No
401,8,9.2,Cinnamon,Broad,10.2,Yes
324,9.3,10.5,Blond,Rounded,9.8,Yes
290,5.1,12.5,White,Pointed,10.8,Yes
214,3.4,15.8,Dark Brown,Broad,11.6,No
443,9,11.8,Cinnamon,Rounded,11.2,Yes
453,5.7,10.4,Light Brown,Broad,5.3,No
321,1.5,10.4,Dark Brown,Pointed,7.4,No
260,7.8,11.4,Cinnamon,Rounded,9.9,Yes
338,4.8,8,Light Brown,Rounded,12,Yes
478,5.9,17.1,Blond,Broad,8.6,Yes
390,6.9,11.6,Black,Broad,8.8,Yes
479,8,17.3,Cinnamon,Broad,9.7,Yes
230,3.8,10.9,White,Broad,7,No
283,5.9,7.4,Dark Brown,Broad,8.6,No
346,5.1,12.7,Dark Brown,Broad,6.1,No
328,7.7,15.4,Dark Brown,Pointed,6.4,No
294,3.6,9.6,Light Brown,Pointed,6.2,No
209,1.3,8.2,Dark Brown,Pointed,7.9,No
432,8.5,14.5,White,Rounded,6.8,Yes
368,8.2,11,Cinnamon,Rounded,9.5,Yes
346,5.2,14,Black,Broad,10.5,Yes
336,9.9,9.8,Cinnamon,Pointed,10.6,Yes
368,8.5,15.2,Black,Broad,6.9,Yes
334,1.3,11.9,Black,Pointed,7.2,No
328,3.6,13.2,Light Brown,Rounded,11.3,Yes
318,2.6,8.2,Dark Brown,Pointed,7.1,No
344,3.2,8,Dark Brown,Pointed,8.2,No
309,2.4,11.1,White,Broad,8.9,Yes
377,1.8,14.5,Cinnamon,Rounded,8.5,Yes
330,3.2,12.5,Light Brown,Pointed,8.9,No
322,8.1,14.7,White,Pointed,11.2,Yes
427,3.5,12.4,White,Rounded,10.5,Yes
215,6.6,13.2,Cinnamon,Broad,10.4,Yes
493,5.1,11.6,Cinnamon,Pointed,8.9,No
492,9.6,17.7,Cinnamon,Broad,10.8,Yes
258,9.5,12,Light Brown,Pointed,10,No
329,3.5,11,Black,Broad,8.6,Yes
223,5,10.9,Light Brown,Pointed,11.9,No
260,9.5,16.4,Blond,Broad,8.4,Yes
305,3.6,15.5,Light Brown,Pointed,8,No
304,7.3,15.9,Blond,Pointed,11.7,No
245,6.4,12.6,Light Brown,Broad,8,No
386,5.9,12,Black,Rounded,11.1,Yes
458,9.2,12,Cinnamon,Broad,8.5,Yes
342,2.2,12.2,Blond,Rounded,6.3,No
405,8.2,11.3,Black,Rounded,8.3,Yes
322,4.5,18,Dark Brown,Pointed,11.6,No
338,9.2,11,White,Broad,10.6,Yes
287,4.3,16,White,Broad,10.2,Yes
303,6.7,7.2,Blond,Pointed,9.8,Yes
344,3.2,16.4,Dark Brown,Rounded,5,No
249,3.1,14.5,Dark Brown,Broad,9,No
319,2.4,17.3,Dark Brown,Pointed,10,No
318,4.1,17.7,Dark Brown,Broad,5.7,No
468,5,12.7,White,Rounded,9.3,Yes
273,7.6,11.5,Blond,Pointed,7.4,No
440,8.6,11.6,White,Rounded,11.5,Yes
324,5.6,16.5,White,Pointed,10.6,Yes
443,4.1,16.2,Black,Broad,11.4,Yes
235,8.4,11.4,Blond,Pointed,7,No
342,6.2,10.9,Light Brown,Broad,8.5,No
245,1.3,10.6,Black,Broad,8.9,No
417,4.4,11.5,Black,Rounded,9,Yes
313,7.7,7.5,White,Rounded,11.1,Yes
483,9.7,15.4,White,Broad,9.8,Yes
358,4.4,15.1,Black,Rounded,10.5,Yes
273,9.7,17,Light Brown,Pointed,5.7,No
492,7,14,Black,Rounded,8.4,Yes
474,7.7,17.8,White,Rounded,10.8,Yes
305,4,12.3,Blond,Pointed,6.2,No
275,2.9,9.8,Light Brown,Broad,6.7,No
400,4.7,17.4,Cinnamon,Broad,10,Yes
217,6.1,13.4,Dark Brown,Broad,9.4,Yes
356,9.7,13.7,Black,Broad,11.3,Yes
350,9.5,8.1,White,Pointed,8.1,No
377,6.3,8.7,Black,Rounded,9.3,Yes
468,7.8,13.8,White,Pointed,11.1,Yes
346,1.5,9.1,White,Pointed,9.8,No
250,4.3,12.6,Blond,Broad,7,No
316,3.9,8.1,Dark Brown,Broad,6.5,No
309,4,7.5,Dark Brown,Broad,5.4,No
297,4.8,12.5,Dark Brown,Pointed,6,No
315,1.7,8.9,Dark Brown,Broad,5.6,No
222,4.1,13.8,Blond,Pointed,12,No
358,8.6,11.9,Cinnamon,Rounded,10.4,Yes
353,7.5,15.7,Blond,Broad,8.8,Yes
475,5.3,14.8,Black,Broad,9,Yes
266,4,11,Blond,Pointed,8.6,No
229,7.2,11.9,Dark Brown,Broad,9.5,No
454,2.2,12.6,Cinnamon,Broad,11.4,Yes
337,4.2,14.4,Cinnamon,Rounded,10.9,Yes
254,4.6,11.8,Blond,Rounded,8.3,No
260,1.2,12.4,Dark Brown,Broad,6.9,No
359,9.6,14.7,Cinnamon,Rounded,9,Yes
320,8.1,17.2,Cinnamon,Broad,6.4,Yes
467,9.8,11.2,Cinnamon,Rounded,9.2,Yes
432,5.6,15,Cinnamon,Rounded,8.5,Yes
474,6.1,12.3,White,Broad,7.9,Yes
364,6.9,15.5,Dark Brown,Rounded,11.7,Yes
365,4.9,14.9,Blond,Rounded,10.7,No
312,9.8,7,Blond,Broad,8.3,No
357,5.5,11.8,Cinnamon,Rounded,8.2,Yes
265,2.8,11.8,Blond,Pointed,5.9,No
299,1.9,8.3,Cinnamon,Pointed,11.6,No
348,2.1,8.7,Blond,Broad,5.6,No
377,3.6,10.5,Dark Brown,Broad,7.1,No
324,7.7,13.4,Cinnamon,Rounded,9.3,Yes
450,1.4,17.2,Black,Broad,9.8,Yes
336,7.7,10.6,Black,Broad,9,Yes
241,4.2,15,Cinnamon,Broad,5.5,Yes
305,9.8,8.5,Light Brown,Broad,6.5,No
413,8.4,12.1,White,Rounded,5.8,Yes
414,5,17.4,Cinnamon,Rounded,8.6,Yes
490,5.7,8.4,Cinnamon,Rounded,9,Yes
307,4.8,15.3,White,Broad,9.9,Yes
268,4.3,12.8,White,Broad,8.1,Yes
202,5.2,8.4,Blond,Broad,7.1,No
300,2.9,10.9,Blond,Pointed,9,No
364,4.6,13.8,White,Broad,8.5,Yes
380,8.3,12,Cinnamon,Pointed,10,Yes
301,5.4,8.1,Blond,Pointed,7.6,No
257,3.9,12.6,Dark Brown,Rounded,5.2,No
424,2.1,12,Light Brown,Rounded,7.6,No
306,5.2,10.2,Dark Brown,Broad,7.6,Yes
372,2.9,8.8,Dark Brown,Rounded,11.1,No
386,7,11.7,Black,Rounded,8.5,Yes
256,4.1,11.7,Light Brown,Broad,11.5,Yes
349,4.6,16.5,Light Brown,Broad,8.5,Yes
371,2.5,14.9,White,Broad,7.2,Yes
487,8.6,9.6,Black,Broad,10.8,Yes
382,7.3,13.5,Cinnamon,Rounded,11.5,Yes
443,8.7,15.6,Black,Rounded,8.5,Yes
329,8.3,7.5,Blond,Pointed,5.4,No
240,3.1,9.9,Blond,Pointed,7.8,No
321,3.9,9.7,Dark Brown,Pointed,8.2,No
461,5.7,15.2,White,Rounded,10.8,Yes
387,8.4,14.3,Cinnamon,Broad,9.1,Yes
439,8,16.9,Black,Pointed,11.8,Yes
412,4.6,11.6,White,Broad,11.5,Yes
275,9.4,17.3,Blond,Rounded,11.3,Yes
368,6.3,11.7,Black,Broad,9.8,Yes
266,3.6,12.2,Dark Brown,Pointed,9.2,No
313,9.2,7.8,Cinnamon,Pointed,11.7,Yes
214,1.5,8.9,Light Brown,Broad,6.5,No
218,4.8,9.3,White,Broad,9.9,No
266,5.4,9.7,Dark Brown,Rounded,6.1,No
328,2.6,11.4,Dark Brown,Broad,8.7,No
481,3.8,16.6,Black,Rounded,8.3,Yes
271,2.3,8.5,Cinnamon,Broad,8.1,No
339,2.1,13.5,Black,Rounded,8.6,Yes
354,8.8,11.4,White,Rounded,7.7,Yes
456,2.2,9.8,Dark Brown,Pointed,7.1,No
491,4.8,14.2,White,Pointed,11.5,Yes
296,2.7,7.7,Light Brown,Pointed,6.7,No
225,1.8,12.7,Blond,Broad,5,No
487,4.7,16.8,White,Rounded,5.3,Yes
375,5.5,17.4,White,Rounded,11.1,Yes
410,5.1,10.6,Blond,Broad,8.8,No
385,2.5,9.3,Blond,Rounded,7.6,No
421,3,15.3,Blond,Pointed,7.7,No
389,5.4,12.4,Black,Broad,10.7,Yes
455,3.4,11.7,Cinnamon,Broad,8.6,Yes
366,6.7,14.9,Cinnamon,Rounded,9.3,Yes
317,3.1,8.8,Black,Rounded,7.7,Yes
382,9.1,17.9,White,Rounded,6.2,Yes
433,4.1,11.9,White,Broad,8.4,Yes
340,2.7,11.5,Blond,Pointed,8.9,No
465,9.9,10.9,Black,Pointed,11.6,Yes
432,4,11.2,Dark Brown,Broad,7.1,No
417,2,12.4,Light Brown,Broad,9.3,Yes
373,10,17.2,Cinnamon,Rounded,9.3,Yes
388,9.2,11.8,White,Broad,10.1,Yes
248,4.2,11.7,Dark Brown,Pointed,10.4,No
377,4.3,11.2,Cinnamon,Rounded,8,Yes
280,4.7,8.6,Blond,Broad,5.2,No
322,9.1,12.2,Dark Brown,Broad,9.4,No
256,7.1,17.3,White,Pointed,8,Yes
334,7,15.1,Black,Rounded,9,Yes
485,2.7,14,Cinnamon,Pointed,8.2,Yes
339,1.5,15.5,Black,Rounded,10.5,Yes
260,8.8,8.3,Blond,Pointed,10.8,No
358,5.6,12.8,Cinnamon,Rounded,7,Yes
305,4.9,10.4,Dark Brown,Rounded,8,No
493,4,17.3,Black,Pointed,9.9,Yes
253,1.4,11.8,Light Brown,Broad,5.2,No
215,5.5,15.9,Black,Rounded,9.6,Yes
438,1.2,8.9,Light Brown,Pointed,5.2,No
396,5.2,15.7,Black,Broad,11.5,Yes
316,8.9,11.7,Cinnamon,Pointed,10.1,Yes
330,2.7,11.8,Blond,Broad,8.2,No
279,1,10.2,Blond,Pointed,6,No
477,5.1,17.6,Dark Brown,Broad,8.2,Yes
474,2.4,10.8,Blond,Rounded,5.2,No
227,1.7,8.2,Dark Brown,Pointed,9.7,No
263,3.3,11.7,Blond,Pointed,11.9,No
421,6.9,17.6,Cinnamon,Broad,9.5,Yes
383,5.3,14.4,Cinnamon,Rounded,10,Yes
333,1.2,15.7,Cinnamon,Broad,9.3,Yes
365,9.2,15.1,Black,Broad,11.6,Yes
228,6.5,11.4,White,Broad,10.7,Yes
372,5,15.6,Cinnamon,Rounded,9.1,Yes
312,5.6,11.4,Black,Broad,10.3,Yes
414,8.4,16.9,White,Broad,10.3,Yes
479,9.5,15.4,White,Rounded,8.6,Yes
439,6.2,14.1,Dark Brown,Broad,11.9,Yes
336,4.3,12.2,Black,Broad,10.1,Yes
318,3.4,15.9,Light Brown,Broad,7.2,No
446,5.5,12.2,White,Rounded,6.2,Yes
267,9.5,12.9,Blond,Broad,8.5,No
212,2.9,8.7,Dark Brown,Pointed,5.4,No
207,5.1,7.4,Dark Brown,Broad,5.9,No
409,5.4,13.2,Black,Broad,11.3,Yes
260,9.8,17.3,Blond,Broad,10.3,Yes
341,1.5,11.2,Blond,Pointed,9.1,No
447,8,12,White,Broad,10.3,Yes
447,5.4,12.4,Blond,Pointed,6.9,No
456,4.3,16.2,White,Rounded,7.5,Yes
298,1.9,16.2,Light Brown,Pointed,6.3,No
257,6.7,10,Dark Brown,Pointed,9.7,No
368,4.9,16.5,Black,Rounded,10.4,Yes
295,4.9,11.1,Light Brown,Broad,8.6,No
343,1.8,12.9,Blond,Rounded,8.8,No
450,9.4,12.1,White,Rounded,10.2,Yes
253,3.4,12.3,Dark Brown,Broad,6.5,No
348,9.4,9.2,Dark Brown,Pointed,7.1,No
218,5.3,12.2,Blond,Pointed,9.7,No
441,6.9,12.9,White,Broad,9.1,Yes
220,1.7,14,Blond,Broad,8.2,No
222,7.8,8.5,Dark Brown,Pointed,5.7,No
331,2.3,11.5,Dark Brown,Broad,7.3,No
398,6.1,16.8,Cinnamon,Rounded,8.3,Yes
414,6.3,13.6,White,Broad,11,Yes
252,4.1,8.3,Light Brown,Pointed,6.4,No
205,2.8,7.8,Light Brown,Pointed,9.3,No
305,8.1,16.7,White,Rounded,9.3,Yes
245,1.3,12.1,Dark Brown,Broad,9.2,No
348,7.1,14.7,Black,Broad,5.8,Yes
248,2.4,12.1,Blond,Pointed,8.6,No
352,8.9,13.2,White,Rounded,5.8,Yes
291,4,15.3,White,Pointed,9.2,Yes
486,5.1,14.7,White,Rounded,10.3,Yes
340,1.9,11.8,Blond,Broad,5.9,No
407,5.9,12.1,Black,Broad,10.2,Yes
323,5.3,13.8,Light Brown,Rounded,9.9,Yes
247,7.8,13.9,White,Broad,6.5,No
363,4.5,8.5,Black,Rounded,10.7,Yes
334,8.5,12.1,Blond,Broad,5.6,No
478,9,11,Cinnamon,Broad,11.2,Yes
308,9.1,13.2,Cinnamon,Rounded,11.5,Yes
484,4.6,14.8,Black,Rounded,9.3,Yes
316,2.4,7.8,Dark Brown,Rounded,10.2,No
465,1.5,11.2,Dark Brown,Broad,6.7,No
338,5.1,10.6,Blond,Pointed,8,No
266,1.7,7.8,Light Brown,Broad,10.6,No
435,1.5,7,Dark Brown,Broad,8,No
301,5.7,15.2,White,Rounded,9.6,Yes
243,7.4,9.4,Dark Brown,Broad,9.9,No
297,4.5,7.8,Black,Broad,7.6,Yes
255,5.1,10.6,White,Pointed,8.5,No
422,4.2,11.1,Black,Broad,11.5,Yes
490,2.1,17.8,Black,Broad,8.9,Yes
301,5.4,9.1,Light Brown,Broad,6.2,No
435,7.5,8.3,Black,Rounded,10.1,Yes
221,5.7,13.1,Black,Broad,9.3,Yes
335,9.1,18,Black,Broad,11.8,Yes
410,6.1,15.3,Cinnamon,Rounded,9.6,Yes
336,4,11.2,Light Brown,Broad,9.8,No
348,4.4,7.2,Dark Brown,Rounded,8,No
484,2.1,17.2,White,Rounded,11.7,Yes
252,5,12.2,Light Brown,Broad,6.4,No
265,2.7,13.8,Dark Brown,Pointed,11.6,No
448,8.2,14.1,White,Broad,10,Yes
330,7,11.8,Dark Brown,Pointed,8.5,No
204,2.2,11.6,Light Brown,Pointed,6,No
331,1.1,12.7,Dark Brown,Broad,5.1,No
436,5.9,12.4,White,Broad,12,Yes
335,6.1,15.7,Black,Broad,6.5,Yes
382,7.8,12.4,Cinnamon,Broad,11.4,Yes
422,4.4,7.3,Cinnamon,Rounded,6.5,Yes
339,2.7,10.9,Light Brown,Rounded,8.3,No
314,2.6,15.3,Light Brown,Broad,6.6,No
374,3.5,7.1,White,Pointed,9.9,No
252,3.6,8.4,Blond,Pointed,11.7,No
330,2.7,7.9,Dark Brown,Pointed,9.3,No
302,2.4,15.1,Dark Brown,Rounded,6.8,No
321,2.2,9.9,Cinnamon,Pointed,9.8,No
268,3.2,17.7,Blond,Broad,7.5,No
474,7.1,13.3,White,Rounded,9.9,Yes
498,4.6,18,Cinnamon,Broad,8.6,Yes
338,3.4,7.4,Light Brown,Pointed,9.7,No
394,7.3,11.9,Dark Brown,Pointed,9.7,No
400,5.5,13.4,Blond,Broad,9.2,Yes
255,5.1,8.8,Light Brown,Pointed,8.1,No
415,1.4,7.3,Blond,Broad,8.9,No
291,4.6,12.5,Light Brown,Pointed,11.7,No
430,5.4,11.7,Blond,Rounded,9,Yes
364,1.8,17,White,Rounded,9.5,Yes
467,4.2,16.4,White,Broad,8.7,Yes
264,1,10.5,Cinnamon,Broad,7.2,No
320,8.6,16.3,White,Rounded,10.5,Yes
386,5.6,14,Light Brown,Rounded,12,Yes
337,7.4,16.2,Cinnamon,Pointed,9.8,Yes
259,9.8,13.5,Black,Rounded,10.2,Yes
328,7.6,12.3,Light Brown,Pointed,6.5,No
455,7.1,11.6,Cinnamon,Broad,9.6,Yes
346,6.4,15.5,Black,Rounded,7.6,Yes
309,5.1,9.6,Light Brown,Pointed,10.8,No
384,3.6,16.9,Light Brown,Pointed,6.6,No
212,7.4,16.4,Cinnamon,Broad,9.4,Yes
261,5.5,9.8,Dark Brown,Broad,7.2,No
370,6.2,8.9,White,Broad,7.9,Yes
309,3.5,9.8,Light Brown,Rounded,7.8,No
350,5.7,13.3,White,Rounded,8.4,Yes
233,4.7,7.5,Blond,Pointed,11.7,No
354,4.9,17.9,White,Broad,5,Yes
291,8.3,15.8,Light Brown,Pointed,10.7,No
414,8.7,12.2,White,Pointed,8,Yes
429,7,12.5,Cinnamon,Broad,8.4,Yes
239,5.1,12.7,Blond,Broad,8.4,No
300,5.4,12.6,Cinnamon,Rounded,9.9,Yes
412,6.4,15.5,Cinnamon,Broad,10.3,Yes
369,8.7,12.8,Blond,Broad,10.6,Yes
493,4.6,7.4,Blond,Pointed,8.6,No
221,4.8,7.8,Black,Pointed,9.8,No
281,4.5,8.3,Blond,Pointed,10.7,No
311,4.5,7.8,Light Brown,Broad,9.1,No
338,8.9,13.6,Cinnamon,Pointed,9.4,Yes
260,3.4,7.8,Light Brown,Pointed,11.9,No
337,7.4,7.4,Black,Rounded,8.6,Yes
288,1,7,Blond,Pointed,11.3,No
488,5,16.4,White,Broad,9.3,Yes
300,4.2,10.8,Light Brown,Broad,6.6,No
348,1.2,8.5,Dark Brown,Pointed,5,No
333,9.8,16.9,Cinnamon,Rounded,8.1,Yes
321,9.8,8.5,Black,Broad,6.2,Yes
344,2.5,7,Dark Brown,Rounded,10.9,No
223,2.8,16.6,Black,Broad,8.9,Yes
342,6.6,14.3,White,Broad,8.7,Yes
497,7,12.7,White,Broad,11,Yes
375,6.4,13.3,White,Broad,10,Yes
307,3.1,9,Blond,Pointed,5.3,No
256,5.8,17.3,Black,Rounded,8.1,Yes
212,1.7,7.4,Blond,Pointed,8,No
374,4.2,12.6,Black,Rounded,11.8,Yes
340,6.1,12,Light Brown,Broad,6.4,No
253,4.5,15.8,White,Rounded,8.8,Yes
316,4.6,12.9,Dark Brown,Pointed,5.7,No
296,3.8,14.6,Dark Brown,Pointed,9.3,No
397,4.6,17.7,Dark Brown,Broad,8.2,Yes
223,1.6,12.4,Light Brown,Broad,8.3,No
321,5.7,15.8,White,Rounded,11.2,Yes
346,8.3,14.1,White,Rounded,11.9,Yes
437,4.6,8.6,Black,Broad,11.7,Yes
255,3.3,11.5,Dark Brown,Pointed,5.9,No
474,5.3,11.7,Cinnamon,Rounded,9.7,Yes
276,4,11.6,Dark Brown,Broad,5.8,No
248,1.8,17.8,Light Brown,Pointed,5.1,No
239,8.8,16.1,Blond,Rounded,8.4,No
221,1.3,7.2,Light Brown,Pointed,8.1,No
224,10,16.2,Cinnamon,Broad,9.4,Yes
210,2.3,7,Dark Brown,Pointed,9.9,No
257,4.7,13.5,White,Broad,6.2,No
285,1.3,10.3,Blond,Pointed,8,No
270,1.9,15.9,Blond,Pointed,10.2,No
481,8.3,13.1,Cinnamon,Rounded,8.4,Yes
484,5.1,11.1,Black,Broad,5.8,Yes
214,10,7.9,Cinnamon,Rounded,7.4,Yes
399,1.7,8.3,Dark Brown,Pointed,8.6,No
349,9.4,13.9,Blond,Rounded,11.4,Yes
314,8.2,12.9,Cinnamon,Rounded,9.7,Yes
308,3.7,12.6,Blond,Broad,9.1,Yes
346,2.5,8.5,Dark Brown,Pointed,9.9,No
384,4.7,12.9,Black,Rounded,9.4,Yes
416,5.7,13.5,Black,Rounded,9,Yes
489,3.2,13.4,Light Brown,Broad,9.8,No
415,8.4,14.8,Cinnamon,Rounded,10.6,Yes
307,2.9,11,Blond,Broad,8.2,No
332,4.1,9.3,Dark Brown,Pointed,8.8,No
205,6.7,7.3,Light Brown,Pointed,7.2,No
377,6.4,13.6,Cinnamon,Broad,11.4,Yes
389,4.5,16.9,Black,Broad,5.1,Yes
204,6.3,11.6,Blond,Broad,9.9,No
345,4.2,15.5,White,Broad,10.4,Yes
268,5.2,9.2,Blond,Pointed,9.3,No
208,2.6,9.8,Dark Brown,Broad,11,No
341,9.5,15,White,Rounded,8.7,Yes
224,3.8,11.6,Blond,Pointed,6.8,No
371,9.2,12.3,White,Rounded,9.9,Yes
392,5.7,12.3,Cinnamon,Rounded,8.6,Yes
240,4.5,8.6,Cinnamon,Broad,5.8,No
244,2.4,10.1,Dark Brown,Pointed,7.7,No
318,2.2,15.4,White,Rounded,10.6,Yes
428,4.6,15.6,Black,Broad,9.3,Yes
375,1.1,10.6,Dark Brown,Pointed,9.4,No
280,5.5,11.3,Light Brown,Pointed,6.8,No
291,4.3,9.5,Light Brown,Pointed,5,No
390,8.1,10.2,Black,Broad,9.3,Yes
307,9.3,15.2,Black,Rounded,9.8,Yes
461,3.5,16.8,Black,Broad,8.5,Yes
371,5.1,16.1,Cinnamon,Broad,8.8,Yes
251,4.9,17.4,Dark Brown,Pointed,8.7,No
319,4.3,11.4,Light Brown,Broad,6.5,No
330,1.7,14.1,White,Rounded,5,Yes
423,7,11.7,White,Rounded,8.3,Yes
434,9.9,16.2,Black,Broad,8.6,Yes
466,8.2,7.2,Cinnamon,Rounded,9.8,Yes
337,3.4,12,Dark Brown,Broad,7.8,No
264,4.2,12.8,Dark Brown,Broad,9.2,No
373,7.2,11.9,Cinnamon,Broad,10.8,Yes
287,7.1,11.2,Dark Brown,Broad,7.2,No
410,6.3,11.3,Black,Broad,7.3,Yes
308,4.3,9.8,Light Brown,Pointed,11.7,No
393,4.2,14,Black,Broad,10.6,Yes
273,2.6,10.9,Dark Brown,Broad,7.6,No
366,6.1,17.4,Cinnamon,Broad,9.7,Yes
313,2.5,17,Dark Brown,Pointed,7.4,No
265,2.7,12.1,Blond,Broad,7.4,No
214,4.9,13,Blond,Pointed,9.5,No
462,6.5,17.5,Black,Broad,8.5,Yes
308,2.1,13.2,Blond,Broad,8.1,No
273,3.4,10.9,Dark Brown,Broad,7.6,No
366,1.4,10,Cinnamon,Rounded,10.2,Yes
236,4.9,9.4,White,Broad,7.4,No
201,5.2,8.3,Light Brown,Pointed,6.3,No
343,9.1,17.7,Cinnamon,Rounded,5.8,Yes
286,4.8,11.4,Dark Brown,Broad,8.1,No
472,5.9,17.2,Black,Rounded,10,Yes
298,2.3,12.8,White,Broad,6.7,No
441,7.8,16.8,Blond,Pointed,9.7,Yes
326,2,7.2,Light Brown,Pointed,5.7,No
372,9.3,12.2,Light Brown,Broad,10.4,Yes
407,9.9,12.1,Black,Broad,8.6,Yes
284,1.4,11.6,Light Brown,Broad,5.6,No
225,2.7,11.1,Dark Brown,Broad,7.7,No
265,9.9,11.6,Cinnamon,Broad,6.4,Yes
221,1.7,13.5,Black,Rounded,5.9,Yes
335,9.4,11.2,Dark Brown,Broad,9.7,Yes
346,4.4,8.3,Black,Broad,7,No
357,6.5,11.5,Black,Rounded,7,Yes
378,8.4,12.3,White,Rounded,10.9,Yes
404,10,10.6,Cinnamon,Rounded,10.8,Yes
321,1.1,11.2,Dark Brown,Broad,8.3,No
296,5.7,12.1,Dark Brown,Pointed,8.4,No
439,5.6,16.9,White,Broad,11.8,Yes
445,8.5,14.9,Black,Broad,5.3,Yes
336,4.3,11.5,Light Brown,Broad,5,No
228,6.9,11.8,White,Broad,10.5,No
237,5.4,16.3,Dark Brown,Pointed,9.1,No
326,5,11.9,Dark Brown,Broad,9.9,No
379,4.2,7.9,Black,Broad,8.4,Yes
433,8.3,7.6,Blond,Broad,8,Yes
403,8.2,9.7,Cinnamon,Rounded,11.1,Yes
308,5.1,7.2,Black,Broad,6.6,No
395,3,12.8,Blond,Broad,7.3,No
382,6.7,13.5,White,Broad,5.5,Yes
274,4.2,12.3,Dark Brown,Pointed,7.6,No
395,4.9,15.8,Cinnamon,Rounded,9.8,Yes
272,2.3,7.7,Black,Pointed,7.2,No
218,5.8,12.8,White,Rounded,10.7,Yes
438,6.6,11.3,Black,Pointed,11.7,Yes
261,1.4,11.4,Light Brown,Pointed,9.1,No
306,5.3,11.3,Blond,Broad,7.5,No
342,6.1,16.9,Cinnamon,Broad,10.8,Yes
427,6.2,14.3,White,Rounded,10.1,Yes
411,8.2,11.5,Cinnamon,Broad,7.9,Yes
473,1.4,16.4,White,Rounded,11.9,Yes
254,4.9,9.3,Blond,Pointed,6.4,No
246,5.3,12.9,Blond,Broad,5.2,No
351,7.4,17.5,Black,Rounded,9.2,Yes
243,4.2,12.1,Light Brown,Broad,7.6,No
448,5.3,17.2,Black,Rounded,8,Yes
256,5.2,11.2,Light Brown,Pointed,9,No
479,5.3,15.6,Black,Rounded,11.2,Yes
384,5.7,13.5,Black,Rounded,7.5,Yes
215,6.2,12.7,Black,Broad,5.7,No
285,1.9,11.7,Light Brown,Broad,5.4,No
201,7.2,16.3,Cinnamon,Broad,8.5,Yes
492,6.7,12.8,Black,Broad,11.2,Yes
210,3.2,9.9,Blond,Pointed,5,No
432,5.2,16,Cinnamon,Broad,11.5,Yes
213,2.4,12.2,Black,Pointed,6,No
300,4.5,12.7,Black,Rounded,11.7,Yes
276,1.2,11.7,Light Brown,Pointed,6.7,No
458,7.7,16.4,Cinnamon,Rounded,9,Yes
473,8.7,12.6,Black,Rounded,10.2,Yes
319,4.6,12.1,Blond,Broad,8.7,No
446,9.6,14.2,Blond,Broad,11.5,Yes
371,10,10.8,White,Broad,5.2,Yes
209,8.5,8.9,White,Broad,9.8,Yes
311,6.5,14.6,Light Brown,Broad,5,Yes
336,4.5,16.8,Blond,Broad,6.3,No
261,1.9,13.4,White,Broad,9.3,Yes
343,4.1,10.2,White,Broad,8,Yes
369,9,12.7,White,Rounded,10.4,Yes
486,6.8,11.3,White,Pointed,9.3,Yes
335,6.1,14.2,Black,Broad,9.7,Yes
265,4.9,11.4,Dark Brown,Broad,7,No
324,9.7,17.6,Cinnamon,Broad,12,Yes
345,4.9,17.6,Blond,Broad,11.8,Yes
318,5.8,11,Cinnamon,Rounded,11.6,Yes
376,4.2,11.2,White,Broad,5.5,Yes
394,7.5,11.9,Black,Rounded,10.6,Yes
406,1.3,11.6,Cinnamon,Pointed,5.7,Yes
236,5.1,10.9,Blond,Rounded,8.2,No
289,3,11.8,White,Pointed,8.4,No
347,9.5,10.8,Dark Brown,Broad,6.1,No
273,2.5,16.7,Light Brown,Pointed,5.8,No
267,4.1,17.3,Light Brown,Broad,5.9,No
417,4.8,15.5,White,Rounded,10.9,Yes
310,3.7,12.1,Light Brown,Broad,8.8,No
208,4.7,11,Dark Brown,Rounded,8.6,No
357,9.8,12.7,Black,Rounded,8,Yes
215,1.2,9.6,Black,Pointed,6,No
256,4.8,13.6,Cinnamon,Pointed,10.4,Yes
322,5.4,12,Blond,Rounded,5.3,No
336,8.5,14.6,Cinnamon,Rounded,9,Yes
360,8,17.1,Black,Rounded,8.9,Yes
251,5.2,12.3,Blond,Pointed,5.6,No
254,5.2,7.8,Blond,Pointed,7.1,No
392,5.2,12.9,White,Rounded,10.5,Yes
469,6.8,17.2,White,Broad,8,Yes
299,4.9,11.2,Blond,Pointed,10.5,No
301,9.7,12.8,White,Pointed,8.9,Yes
213,8.6,7.9,Black,Broad,11.7,Yes
214,6.3,9.3,Dark Brown,Pointed,8.4,No
308,4.9,8.9,Dark Brown,Broad,5.9,No
443,4,11.5,Cinnamon,Rounded,9.9,Yes
216,1.4,11.1,Blond,Pointed,11.2,No
233,6.7,8.3,Dark Brown,Pointed,7.2,No
368,8.3,12.1,Cinnamon,Pointed,11.2,Yes
208,1,16.8,Dark Brown,Broad,8.8,No
337,5.4,14.1,Cinnamon,Broad,11.7,Yes
329,1.1,11.7,Dark Brown,Pointed,9.8,No
401,4.6,15.9,Black,Rounded,10.3,Yes
461,5.3,13.7,Cinnamon,Rounded,9.8,Yes
282,2.6,11.6,Dark Brown,Broad,5.2,No
469,1.1,17.2,White,Rounded,9.8,Yes
460,8,13.5,White,Broad,11.6,Yes
320,5,14.1,Black,Rounded,11.8,Yes
320,7.8,10.9,Blond,Broad,8.7,No
301,1.1,10.2,Blond,Pointed,6.4,No
480,6.3,11.5,Cinnamon,Rounded,8.7,Yes
431,7.6,17.2,White,Broad,9.7,Yes
481,4.5,9,Light Brown,Pointed,7.1,No
226,1.7,7,Blond,Rounded,5.7,No
201,1,12.3,Dark Brown,Pointed,8,No
302,2.9,9.4,Light Brown,Broad,11.9,No
471,6.9,9.2,White,Broad,8.9,Yes
314,3.8,9.4,Light Brown,Pointed,6.7,No
291,8.6,7.1,Dark Brown,Pointed,6.7,No
409,6,15.4,Black,Broad,11,Yes
351,5.4,8.4,Light Brown,Broad,5.7,No
332,6.7,12.5,Black,Rounded,6.6,Yes
288,10,9.5,Light Brown,Rounded,10.5,No
231,1.3,11.6,Light Brown,Broad,8.9,No
456,8,14.9,Black,Broad,9.8,Yes
314,9.2,11.3,Dark Brown,Pointed,8.3,No
340,7.3,14.9,Black,Broad,11.4,Yes
294,1.7,10.5,Dark Brown,Pointed,10.7,No
253,9.2,13.6,Blond,Broad,9.4,No
399,9.9,16.7,Black,Broad,6.6,Yes
333,4,12.5,White,Broad,5.2,Yes
345,8.6,8.9,Blond,Pointed,8.1,No
359,4,17.8,Cinnamon,Pointed,9.7,Yes
359,7.1,13.7,Dark Brown,Broad,9,Yes
353,8,17.7,Light Brown,Broad,7,Yes
223,3.1,7.2,Blond,Broad,9.1,No
231,4,11.9,Blond,Broad,7.1,No
386,9.6,9.9,Cinnamon,Rounded,8.2,Yes
424,6.9,13.9,Blond,Rounded,11.2,Yes
225,3.3,12.9,Light Brown,Pointed,9.5,No
221,5.3,12,Light Brown,Pointed,6.3,No
205,8.7,11.9,Blond,Pointed,5.2,No
271,4.7,8.5,Dark Brown,Pointed,6.9,No
353,4,11.8,White,Rounded,6.1,Yes
447,7.4,17.7,White,Rounded,9.9,Yes
314,4,12.4,Dark Brown,Broad,7.7,No
488,9.3,14,Black,Broad,10,Yes
205,9,12.3,Dark Brown,Broad,6,No
209,2.7,13.4,Blond,Pointed,8.3,No
212,1.2,8.7,White,Broad,5.9,No
261,3.7,11.4,Blond,Broad,5.7,No
335,7,15.3,Cinnamon,Rounded,11.5,Yes
358,9.1,12,White,Pointed,9.1,Yes
470,3.4,13.5,Cinnamon,Rounded,5.7,Yes
344,1.1,10.5,Blond,Pointed,5.3,No
467,5.1,17.3,Black,Broad,9.4,Yes
270,7.7,16.7,White,Broad,9.4,Yes
314,8.3,12.9,White,Broad,10.1,Yes
376,9.5,14.2,Cinnamon,Broad,9,Yes
430,6.8,12.2,White,Broad,8.2,Yes
307,5.1,11.2,Light Brown,Rounded,5.6,No
413,3.8,14.1,White,Rounded,7.9,Yes
209,7.4,13,Dark Brown,Pointed,6.3,No
357,7.6,14.9,Cinnamon,Broad,8.3,Yes
392,9.2,16.7,White,Rounded,9.1,Yes
380,5.7,11.7,Cinnamon,Pointed,11.3,Yes
478,5.8,15.4,White,Rounded,12,Yes
343,2.6,14.1,Dark Brown,Broad,9.5,No
484,9.9,8.2,Black,Rounded,8.5,Yes
307,7.8,7.1,Light Brown,Broad,9.8,Yes
488,4.2,15.6,Black,Rounded,11.5,Yes
362,5.6,11.4,Black,Broad,9.2,Yes
331,2.4,7.9,Dark Brown,Broad,5.4,No
385,5.1,12.7,Cinnamon,Pointed,8.7,Yes
270,3.6,14.3,Blond,Pointed,8.5,No
339,6.1,12.7,White,Broad,11.9,Yes
242,5.4,14.3,Blond,Pointed,9.2,No
403,3.4,11.6,Light Brown,Pointed,8.5,No
221,2,10,Black,Rounded,9.4,No
407,2.7,12.6,White,Rounded,10.8,Yes
389,4.3,15.4,Black,Rounded,5.9,Yes
331,8.9,9.9,Light Brown,Broad,10.7,No
428,4.3,13.9,Blond,Rounded,6.1,No
242,4.5,12.9,Dark Brown,Broad,5.5,No
408,5,12.7,Black,Broad,10.1,Yes
428,7.6,16.7,White,Broad,11.1,Yes
201,5.6,12.1,Light Brown,Rounded,10.6,Yes
335,4.8,11.3,Black,Rounded,11.8,Yes
333,5.3,14.5,Cinnamon,Rounded,9.4,Yes
365,5,12.7,Dark Brown,Broad,10.8,No
299,1.9,8.6,Light Brown,Broad,7.4,No
404,7.2,17.4,Cinnamon,Broad,9.8,Yes
259,1.2,12.1,Dark Brown,Broad,7.6,No
254,1.7,11,Light Brown,Pointed,6.8,No
307,3.3,12.1,Black,Broad,8.5,Yes
340,1,12.2,Blond,Broad,7.3,No
435,3.7,12.4,Light Brown,Broad,6.1,No
341,5,16.1,Dark Brown,Pointed,7.8,No
439,6.2,13.8,White,Rounded,9.2,Yes
401,8.5,14.7,White,Rounded,10.3,Yes
240,9.2,14.1,Cinnamon,Rounded,9.3,Yes
302,4.5,12.2,Light Brown,Broad,11.2,No
